Province_State,Country_Region,Last_Update,Lat,Long_,Confirmed,Deaths,Recovered,Active,FIPS,Incident_Rate,People_Tested,People_Hospitalized,Mortality_Rate,UID,ISO3,Testing_Rate,Hospitalization_Rate,Cases_28_Days,Deaths_28_Days
Australian Capital Territory,Australia,2022-04-09 04:31:54,-35.4735,149.0124,86102,45,,,,20112.59051623453,,,0.05226359434159485,3601,AUS,,,27156,7
New South Wales,Australia,2022-04-09 04:31:54,-33.8688,151.2093,1998901,2521,,,,24623.07218526731,,,0.12611930255675494,3602,AUS,,,545619,540
Northern Territory,Australia,2022-04-09 04:31:54,-12.4634,130.8456,53364,36,,,,21728.01302931596,,,0.06746120980436249,3603,AUS,,,8851,3
Queensland,Australia,2022-04-09 04:31:54,-27.4698,153.0251,849753,774,,,,16611.338090118268,,,0.09108529184362986,3604,AUS,,,224148,149
South Australia,Australia,2022-04-09 04:31:54,-34.9285,138.6007,308879,280,,,,17584.91317961856,,,0.09065038413100276,3605,AUS,,,133756,60
Tasmania,Australia,2022-04-09 04:31:54,-42.8821,147.3272,107518,33,,,,20078.057889822594,,,0.0306925352034078,3606,AUS,,,50019,7
Victoria,Australia,2022-04-09 04:31:54,-37.8136,144.9631,1374450,2781,,,,20731.081916770992,,,0.20233547964640405,3607,AUS,,,253023,145
Western Australia,Australia,2022-04-09 04:31:54,-31.9505,115.8605,241650,80,,,,9186.117235611648,,,0.033105731429753774,3608,AUS,,,200834,65
Antwerp,Belgium,2022-04-09 04:31:54,51.2195,4.4024,622062,0,,,,33270.15130526868,,,0.0,5601,BEL,,,69320,0
Brussels,Belgium,2022-04-09 04:31:54,50.8503,4.3517,433172,0,,,,35556.759463330745,,,0.0,5602,BEL,,,16950,0
East Flanders,Belgium,2022-04-09 04:31:54,51.0362,3.7373,516826,0,,,,33884.56356478097,,,0.0,5603,BEL,,,49407,0
Flemish Brabant,Belgium,2022-04-09 04:31:54,50.9167,4.5833,373052,0,,,,32275.317668576095,,,0.0,5604,BEL,,,36347,0
Hainaut,Belgium,2022-04-09 04:31:54,50.5257,4.0621,435540,0,,,,32337.916901784916,,,0.0,5605,BEL,,,15041,0
Liege,Belgium,2022-04-09 04:31:54,50.4496,5.8492,361247,0,,,,32550.639754910797,,,0.0,5606,BEL,,,11953,0
Limburg,Belgium,2022-04-09 04:31:54,50.9739,5.3420000000000005,290369,0,,,,33095.3873508326,,,0.0,5607,BEL,,,30174,0
Luxembourg,Belgium,2022-04-09 04:31:54,50.0547,5.4677,101961,0,,,,35557.206226983595,,,0.0,5608,BEL,,,6614,0
Namur,Belgium,2022-04-09 04:31:54,50.331,4.8221,169457,0,,,,34176.293583310486,,,0.0,5609,BEL,,,6282,0
Unknown,Belgium,2022-04-09 04:31:54,,,56036,30997,,,,,,,55.31622528374616,5610,BEL,,,2551,617
Walloon Brabant,Belgium,2022-04-09 04:31:54,50.4,4.35,143350,0,,,,35306.2295114268,,,0.0,5611,BEL,,,6416,0
West Flanders,Belgium,2022-04-09 04:31:54,51.0536,3.1458,412660,0,,,,34361.27383019205,,,0.0,5612,BEL,,,35006,0
Acre,Brazil,2022-04-09 04:31:54,-9.0238,-70.812,123822,1995,,,,14039.810190093374,,,1.6111837960943935,7601,BRA,,,663,7
Alagoas,Brazil,2022-04-09 04:31:54,-9.5713,-36.782,296989,6900,,,,8898.928103885799,,,2.323318372060918,7602,BRA,,,2960,120
Amapa,Brazil,2022-04-09 04:31:54,0.902,-52.003,160360,2128,,,,18961.11174829822,,,1.3270142180094786,7603,BRA,,,162,12
Amazonas,Brazil,2022-04-09 04:31:54,-3.4168,-65.8561,581614,14160,,,,14033.06521719723,,,2.4346043939795123,7604,BRA,,,4472,23
Bahia,Brazil,2022-04-09 04:31:54,-12.5797,-41.7007,1536287,29762,,,,10329.324206498406,,,1.9372682317822123,7605,BRA,,,21242,302
Ceara,Brazil,2022-04-09 04:31:54,-5.4984,-39.3206,1242625,26813,,,,13607.253464107513,,,2.157770848003219,7606,BRA,,,9463,281
Distrito Federal,Brazil,2022-04-09 04:31:54,-15.7998,-47.8645,693413,11610,,,,22996.728648995708,,,1.6743268441751165,7607,BRA,,,5868,109
Espirito Santo,Brazil,2022-04-09 04:31:54,-19.1834,-40.3089,1040986,14354,,,,25903.873191245817,,,1.378885018626571,7608,BRA,,,10132,123
Goias,Brazil,2022-04-09 04:31:54,-15.827,-49.8362,1302044,26339,,,,18551.985266060958,,,2.0228963076516617,7609,BRA,,,88766,372
Maranhao,Brazil,2022-04-09 04:31:54,-4.9609,-45.2744,428141,10876,,,,6051.30808667651,,,2.5402846258592384,7610,BRA,,,10209,37
Mato Grosso,Brazil,2022-04-09 04:31:54,-12.6819,-56.9211,724653,14854,,,,20796.673005275414,,,2.0498086670447786,7611,BRA,,,8524,61
Mato Grosso do Sul,Brazil,2022-04-09 04:31:54,-20.7722,-54.7852,525811,10513,,,,18920.96613656924,,,1.999387612659301,7612,BRA,,,14238,83
Minas Gerais,Brazil,2022-04-09 04:31:54,-18.5122,-44.555,3343049,61016,,,,15792.34732866889,,,1.8251602055488867,7613,BRA,,,85033,842
Para,Brazil,2022-04-09 04:31:54,-1.9981,-54.9306,758182,18147,,,,8813.1337641588,,,2.393488634655004,7614,BRA,,,24533,184
Paraiba,Brazil,2022-04-09 04:31:54,-7.24,-36.782,599088,10197,,,,14909.633269431255,,,1.702087172502203,7615,BRA,,,14520,49
Parana,Brazil,2022-04-09 04:31:54,-25.2521,-52.0215,2425082,42974,,,,21209.472801060907,,,1.7720637900079257,7616,BRA,,,49337,333
Pernambuco,Brazil,2022-04-09 04:31:54,-8.8137,-36.9541,906804,21471,,,,9488.304523425639,,,2.3677663530377018,7617,BRA,,,46751,277
Piaui,Brazil,2022-04-09 04:31:54,-7.7183,-42.7289,367852,7732,,,,11238.206210568347,,,2.101932298859324,7618,BRA,,,1402,34
Rio Grande do Norte,Brazil,2022-04-09 04:31:54,-5.4026,-36.9541,499986,8153,,,,14257.398299843191,,,1.630645658078426,7620,BRA,,,16333,71
Rio Grande do Sul,Brazil,2022-04-09 04:31:54,-30.0346,-51.2177,2292637,39147,,,,20151.084107488645,,,1.7075097366046172,7621,BRA,,,86716,491
Rio de Janeiro,Brazil,2022-04-09 04:31:54,-22.9068,-43.1729,2108417,73039,,,,12212.128357446649,,,3.4641629241274376,7619,BRA,,,77722,940
Rondonia,Brazil,2022-04-09 04:31:54,-11.5057,-63.5806,396459,7191,,,,22307.755067591333,,,1.8138067240244264,7622,BRA,,,13005,79
Roraima,Brazil,2022-04-09 04:31:54,-2.7376,-62.0751,155256,2146,,,,25629.910146080718,,,1.382233214819395,7623,BRA,,,832,9
Santa Catarina,Brazil,2022-04-09 04:31:54,-27.2423,-50.2189,1684754,21698,,,,23514.35939207134,,,1.2879031597491384,7624,BRA,,,41586,163
Sao Paulo,Brazil,2022-04-09 04:31:54,-23.5505,-46.6333,5301001,167684,,,,11544.23080495417,,,3.1632516198355742,7625,BRA,,,194063,1773
Sergipe,Brazil,2022-04-09 04:31:54,-10.5741,-37.3857,326679,6331,,,,14211.492080727507,,,1.937988055553005,7626,BRA,,,4613,50
Tocantins,Brazil,2022-04-09 04:31:54,-10.1753,-48.2982,303549,4147,,,,19299.101131310614,,,1.3661715242020234,7627,BRA,,,2977,23
Alberta,Canada,2022-04-09 04:31:54,53.9333,-116.5765,546247,4104,,,,12294.88806694938,,,0.7513084740053493,12401,CAN,,,15959,112
British Columbia,Canada,2022-04-09 04:31:54,53.7267,-127.6476,357974,3004,,,,6864.571158461342,,,0.8391670903473437,12402,CAN,,,6223,72
Diamond Princess,Canada,2022-04-09 04:31:54,,,0,1,,,,,,,,12413,CAN,,,0,0
Grand Princess,Canada,2022-04-09 04:31:54,,,13,0,,,,,,,0.0,12414,CAN,,,0,0
Manitoba,Canada,2022-04-09 04:31:54,53.7609,-98.8139,136573,1751,,,,9869.667176146238,,,1.2820982185351424,12403,CAN,,,4086,43
New Brunswick,Canada,2022-04-09 04:31:54,46.5653,-66.4619,48197,349,,,,6106.876999588204,,,0.7241114592194535,12404,CAN,,,7088,33
Newfoundland and Labrador,Canada,2022-04-09 04:31:54,53.1355,-57.6604,40336,122,,,,7748.682650950048,,,0.3024593415311385,12405,CAN,,,11553,50
Northwest Territories,Canada,2022-04-09 04:31:54,64.8255,-124.8457,11552,21,,,,25386.779184247534,,,0.18178670360110805,12406,CAN,,,2086,1
Nova Scotia,Canada,2022-04-09 04:31:54,44.682,-63.7443,59000,255,,,,5947.250908467777,,,0.4322033898305085,12407,CAN,,,11911,43
Nunavut,Canada,2022-04-09 04:31:54,70.2998,-83.1076,3531,7,,,,8961.246605588407,,,0.19824412347776835,12416,CAN,,,331,2
Ontario,Canada,2022-04-09 04:31:54,51.2538,-85.3232,1176866,12498,,,,7937.704653548874,,,1.0619730708508872,12408,CAN,,,43199,-190
Prince Edward Island,Canada,2022-04-09 04:31:54,46.5107,-63.4168,28375,19,,,,17268.345525140277,,,0.06696035242290749,12409,CAN,,,9470,3
Quebec,Canada,2022-04-09 04:31:54,52.9399,-73.5491,989074,14482,,,,11494.852399821255,,,1.4641978254407657,12410,CAN,,,55633,341
Repatriated Travellers,Canada,2022-04-09 04:31:54,,,13,0,,,,,,,0.0,,,,,0,0
Saskatchewan,Canada,2022-04-09 04:31:54,52.9399,-106.4509,132224,1229,,,,11206.905319686333,,,0.9294833010648595,12411,CAN,,,3935,94
Yukon,Canada,2022-04-09 04:31:54,64.2823,-135.0,3926,24,,,,9133.206160145164,,,0.6113092205807438,12412,CAN,,,380,1
Antofagasta,Chile,2022-04-09 04:31:54,-23.6509,-70.3975,121698,1746,,,,20031.47148966148,,,1.434699009022334,15201,CHL,,,4770,319
Araucania,Chile,2022-04-09 04:31:54,-38.9489,-72.3311,213800,2531,,,,22335.419922609544,,,1.1838166510757715,15202,CHL,,,16840,708
Arica y Parinacota,Chile,2022-04-09 04:31:54,-18.594,-69.4785,55084,807,,,,24366.119928517084,,,1.4650352189383486,15203,CHL,,,1621,156
Atacama,Chile,2022-04-09 04:31:54,-27.5661,-70.0503,65142,577,,,,22544.852981892687,,,0.8857572687359921,15204,CHL,,,4437,142
Aysen,Chile,2022-04-09 04:31:54,-45.9864,-73.7669,24690,178,,,,23934.15925085791,,,0.7209396516808424,15205,CHL,,,2100,42
Biobio,Chile,2022-04-09 04:31:54,-37.4464,-72.1416,349049,4211,,,,22420.85553425124,,,1.2064208750060879,15206,CHL,,,33478,909
Coquimbo,Chile,2022-04-09 04:31:54,-29.959,-71.3389,124689,1652,,,,16458.725478031538,,,1.3248963420991426,15207,CHL,,,10734,363
Los Lagos,Chile,2022-04-09 04:31:54,-41.9198,-72.1416,192541,2287,,,,23233.87731263605,,,1.1877989622989389,15208,CHL,,,12913,508
Los Rios,Chile,2022-04-09 04:31:54,-40.231,-72.3311,105217,1203,,,,27340.666308073287,,,1.1433513595711722,15209,CHL,,,7092,305
Magallanes,Chile,2022-04-09 04:31:54,-52.368,-70.9863,50805,699,,,,30507.4669885248,,,1.3758488337762032,15210,CHL,,,2906,121
Maule,Chile,2022-04-09 04:31:54,-35.5183,-71.6885,236434,2848,,,,22626.34575817025,,,1.204564487341076,15211,CHL,,,23621,696
Metropolitana,Chile,2022-04-09 04:31:54,-33.4376,-70.6505,1338521,28055,,,,18818.461007242142,,,2.09597010431663,15212,CHL,,,81372,6630
Nuble,Chile,2022-04-09 04:31:54,-36.7226,-71.7622,98869,1077,,,,20571.608105549418,,,1.0893202115931182,15213,CHL,,,9698,275
OHiggins,Chile,2022-04-09 04:31:54,-34.5755,-71.0022,148052,2483,,,,16188.419504567795,,,1.677113446626861,15214,CHL,,,13370,677
Tarapaca,Chile,2022-04-09 04:31:54,-19.9232,-69.5132,79175,1084,,,,23951.923716866637,,,1.369119040101042,15215,CHL,,,1498,133
Unknown,Chile,2022-04-09 04:31:54,,,43,2,,,,,,,4.651162790697675,15217,CHL,,,0,2
Valparaiso,Chile,2022-04-09 04:31:54,-33.0472,-71.6127,300974,5515,,,,16574.35258070094,,,1.8323841926545148,15216,CHL,,,24330,1399
Anhui,China,2022-04-09 04:31:54,31.8257,117.2264,1054,6,,,,1.7270995570153498,,,0.5692599620493358,15601,CHN,,,33,0
Beijing,China,2022-04-09 04:31:54,40.1824,116.4142,1817,9,,,,8.299420433702956,,,0.4953219592735278,15602,CHN,,,206,0
Chongqing,China,2022-04-09 04:31:54,30.0572,107.874,693,6,,,,2.1619659402076343,,,0.8658008658008658,15603,CHN,,,66,0
Fujian,China,2022-04-09 04:31:54,26.0789,117.9874,2893,1,,,,6.964357271672474,,,0.034566194262011754,15604,CHN,,,1297,0
Gansu,China,2022-04-09 04:31:54,35.7518,104.2861,681,2,,,,2.7218409269031434,,,0.2936857562408223,15605,CHN,,,157,0
Guangdong,China,2022-04-09 04:31:54,23.3417,113.4244,6664,8,,,,5.288363829908634,,,0.12004801920768307,15606,CHN,,,1035,0
Guangxi,China,2022-04-09 04:31:54,23.8298,108.7881,1513,2,,,,3.01834523501638,,,0.13218770654329148,15607,CHN,,,264,0
Guizhou,China,2022-04-09 04:31:54,26.8154,106.8748,178,2,,,,0.461592544066788,,,1.1235955056179776,15608,CHN,,,16,0
Hainan,China,2022-04-09 04:31:54,19.1959,109.7453,237,6,,,,2.350903143584038,,,2.5316455696202533,15609,CHN,,,40,0
Hebei,China,2022-04-09 04:31:54,37.8957,114.9042,1978,7,,,,2.651110802693491,,,0.3538928210313448,15610,CHN,,,424,0
Heilongjiang,China,2022-04-09 04:31:54,47.862,127.7615,2504,13,,,,7.86183071142535,,,0.5191693290734825,15611,CHN,,,391,0
Henan,China,2022-04-09 04:31:54,33.882,113.614,2840,22,,,,2.858134319209866,,,0.7746478873239436,15612,CHN,,,136,0
Hong Kong,China,2022-04-09 04:31:54,22.3,114.2,1185727,8643,,,,15816.045057028236,,,0.7289198947143821,344,HKG,,,381426,5407
Hubei,China,2022-04-09 04:31:54,30.9756,112.2707,68391,4512,,,,118.42073070461625,,,6.5973593016624985,15613,CHN,,,7,0
Hunan,China,2022-04-09 04:31:54,27.6104,111.7088,1335,4,,,,2.0091846376568703,,,0.299625468164794,15614,CHN,,,100,0
Inner Mongolia,China,2022-04-09 04:31:54,44.0935,113.9448,1687,1,,,,7.014799480480707,,,0.05927682276229994,15615,CHN,,,23,0
Jiangsu,China,2022-04-09 04:31:54,32.9711,119.455,2078,0,,,,2.4519748049323065,,,0.0,15616,CHN,,,207,0
Jiangxi,China,2022-04-09 04:31:54,27.614,115.7221,1060,1,,,,2.3457225472732253,,,0.09433962264150944,15617,CHN,,,99,0
Jilin,China,2022-04-09 04:31:54,43.6661,126.1923,37468,5,,,,155.64032297319375,,,0.013344720828440269,15618,CHN,,,36087,2
Liaoning,China,2022-04-09 04:31:54,41.2956,122.6085,1602,2,,,,3.7613220901577633,,,0.12484394506866416,15619,CHN,,,558,0
Macau,China,2022-04-09 04:31:54,22.1667,113.55,82,0,,,,12.62816820720052,,,0.0,446,MAC,,,0,0
Ningxia,China,2022-04-09 04:31:54,37.2692,106.1655,122,0,,,,1.693820083541428,,,0.0,15620,CHN,,,0,0
Qinghai,China,2022-04-09 04:31:54,35.7452,95.9956,43,0,,,,0.7258661735728331,,,0.0,15621,CHN,,,12,0
Shaanxi,China,2022-04-09 04:31:54,35.1917,108.8701,3245,3,,,,8.209163100740295,,,0.09244992295839753,15622,CHN,,,348,0
Shandong,China,2022-04-09 04:31:54,36.3427,118.1498,2642,7,,,,2.6022518264099466,,,0.2649507948523845,15623,CHN,,,1053,0
Shanghai,China,2022-04-09 04:31:54,31.202,121.4491,9336,7,,,,37.53785298036118,,,0.07497857754927162,15624,CHN,,,4616,0
Shanxi,China,2022-04-09 04:31:54,37.5777,112.2922,345,0,,,,0.9880965582849806,,,0.0,15625,CHN,,,44,0
Sichuan,China,2022-04-09 04:31:54,30.6171,102.7103,1942,3,,,,2.3208880908157057,,,0.15447991761071062,15626,CHN,,,396,0
Tianjin,China,2022-04-09 04:31:54,39.3054,117.323,1797,3,,,,12.959749268877585,,,0.1669449081803005,15627,CHN,,,584,0
Tibet,China,2022-04-09 04:31:54,31.6927,88.0924,1,0,,,,0.027411529289219045,,,0.0,15628,CHN,,,0,0
Unknown,China,2022-04-09 04:31:54,,,202019,0,,,,,,,0.0,15699,CHN,,,160744,0
Xinjiang,China,2022-04-09 04:31:54,41.1129,85.2401,999,3,,,,3.8642529333412496,,,0.3003003003003003,15629,CHN,,,3,0
Yunnan,China,2022-04-09 04:31:54,24.974,101.487,2078,2,,,,4.401677238141138,,,0.09624639076034648,15630,CHN,,,80,0
Zhejiang,China,2022-04-09 04:31:54,29.1832,120.0934,2802,1,,,,4.339638643463034,,,0.035688793718772316,15631,CHN,,,470,0
Amazonas,Colombia,2022-04-09 04:31:54,-1.4429,-71.5724,7568,264,,,,9881.314549086685,,,3.4883720930232562,17001,COL,,,15,0
Antioquia,Colombia,2022-04-09 04:31:54,7.1986,-75.3412,918057,18245,,,,14328.740201108083,,,1.9873493693746684,17002,COL,,,937,44
Arauca,Colombia,2022-04-09 04:31:54,7.0762,-70.7105,16310,532,,,,6221.059296497747,,,3.2618025751072963,17003,COL,,,52,7
Atlantico,Colombia,2022-04-09 04:31:54,10.6966,-74.8741,402157,10127,,,,15860.946702388506,,,2.5181707641542985,17004,COL,,,355,11
Bolivar,Colombia,2022-04-09 04:31:54,8.6704,-74.03,197208,3241,,,,9526.450285250545,,,1.6434424566954688,17005,COL,,,362,5
Boyaca,Colombia,2022-04-09 04:31:54,5.4545,-73.362,125176,2782,,,,10282.443550718925,,,2.222470761168275,17006,COL,,,507,8
Caldas,Colombia,2022-04-09 04:31:54,5.2983,-75.2479,116911,2525,,,,11711.536631421832,,,2.15976255442174,17007,COL,,,127,4
Capital District,Colombia,2022-04-09 04:31:54,4.711,-74.0721,1767086,29348,,,,23839.05924075415,,,1.660813339022549,17008,COL,,,5245,122
Caqueta,Colombia,2022-04-09 04:31:54,0.8699,-73.8419,24977,1025,,,,6221.091985085519,,,4.103775473435561,17009,COL,,,108,10
Casanare,Colombia,2022-04-09 04:31:54,5.7589,-71.5724,41662,1002,,,,9907.634647946274,,,2.4050693677691903,17010,COL,,,108,7
Cauca,Colombia,2022-04-09 04:31:54,2.705,-76.82600000000002,72232,1792,,,,4932.235702853147,,,2.480894894229704,17011,COL,,,137,9
Cesar,Colombia,2022-04-09 04:31:54,9.3373,-73.6536,106457,2671,,,,8867.175201195429,,,2.5089942418065507,17012,COL,,,194,4
Choco,Colombia,2022-04-09 04:31:54,5.2528,-76.82600000000002,18586,429,,,,3475.1489269407252,,,2.3081889594318303,17013,COL,,,9,3
Cordoba,Colombia,2022-04-09 04:31:54,8.0493,-75.574,119017,3930,,,,6668.429719467296,,,3.302049287076636,17014,COL,,,144,6
Cundinamarca,Colombia,2022-04-09 04:31:54,5.026,-74.03,318067,7282,,,,10896.213164511864,,,2.289454737523855,17015,COL,,,687,32
Guainia,Colombia,2022-04-09 04:31:54,2.5854,-68.5247,2765,37,,,,5746.768092447104,,,1.3381555153707052,17016,COL,,,11,0
Guaviare,Colombia,2022-04-09 04:31:54,1.0654,-73.2603,5587,105,,,,6750.274868002948,,,1.8793628065151244,17017,COL,,,5,0
Huila,Colombia,2022-04-09 04:31:54,2.5359,-75.5277,100315,3514,,,,9116.346445701782,,,3.5029656581767434,17018,COL,,,153,23
La Guajira,Colombia,2022-04-09 04:31:54,11.3548,-72.5205,56318,1528,,,,6395.702734623422,,,2.7131645299904115,17019,COL,,,114,8
Magdalena,Colombia,2022-04-09 04:31:54,10.4113,-74.4057,114820,3621,,,,8557.506413285377,,,3.153631771468385,17020,COL,,,140,1
Meta,Colombia,2022-04-09 04:31:54,3.272,-73.0877,104972,2540,,,,10096.160319777788,,,2.419692870479747,17021,COL,,,162,10
Narino,Colombia,2022-04-09 04:31:54,1.2892,-77.3579,104415,3313,,,,6403.502531595887,,,3.172915768807164,17022,COL,,,52,14
Norte de Santander,Colombia,2022-04-09 04:31:54,7.9463,-72.8988,119745,5097,,,,8027.4775774306845,,,4.256545158461732,17023,COL,,,322,36
Putumayo,Colombia,2022-04-09 04:31:54,0.436,-75.5277,20488,775,,,,5884.278911603701,,,3.7827020695041003,17024,COL,,,28,6
Quindio,Colombia,2022-04-09 04:31:54,4.461,-75.6674,70794,2054,,,,13112.331081081082,,,2.9013758228098427,17025,COL,,,55,3
Risaralda,Colombia,2022-04-09 04:31:54,5.3158,-75.9928,106322,2469,,,,11270.074973420637,,,2.322191079927014,17026,COL,,,132,5
San Andres y Providencia,Colombia,2022-04-09 04:31:54,12.5567,-81.7185,10189,155,,,,16626.95822454308,,,1.521248405142801,17027,COL,,,42,1
Santander,Colombia,2022-04-09 04:31:54,6.6437,-73.6536,283382,8167,,,,12970.395503188567,,,2.881975566549745,17028,COL,,,866,25
Sucre,Colombia,2022-04-09 04:31:54,8.814,-74.7233,65652,1714,,,,7255.46298168894,,,2.610735392676537,17029,COL,,,46,1
Tolima,Colombia,2022-04-09 04:31:54,4.0925,-75.1545,124373,4005,,,,9350.038753949633,,,3.2201522838558208,17030,COL,,,165,14
Unknown,Colombia,2022-04-09 04:31:54,,,0,300,,,,,,,,17034,COL,,,0,0
Valle del Cauca,Colombia,2022-04-09 04:31:54,3.8009,-76.6413,540547,15032,,,,12076.87148421564,,,2.7808867684031178,17031,COL,,,960,52
Vaupes,Colombia,2022-04-09 04:31:54,0.8554,-70.812,1889,21,,,,4630.242419785769,,,1.111699311805188,17032,COL,,,2,2
Vichada,Colombia,2022-04-09 04:31:54,4.4234,-69.2878,3399,61,,,,3152.8272484416743,,,1.7946454839658723,17033,COL,,,7,0
Faroe Islands,Denmark,2022-04-09 04:31:54,61.8926,-6.9118,34658,28,,,,70926.02066919062,,,0.08078942812626233,234,FRO,,,0,0
Greenland,Denmark,2022-04-09 04:31:54,71.7069,-42.6043,11971,21,,,,21086.09878108927,,,0.1754239411912121,304,GRL,,,122,1
French Guiana,France,2022-04-09 04:31:54,4.0,-53.0,79529,394,,,,26626.64639985001,,,0.4954167662110677,254,GUF,,,1144,0
French Polynesia,France,2022-04-09 04:31:54,-17.6797,-149.4068,72528,648,,,,25819.497052373765,,,0.8934480476505625,258,PYF,,,2315,5
Guadeloupe,France,2022-04-09 04:31:54,16.265,-61.551,139516,938,,,,34867.92943240522,,,0.6723243212248058,312,GLP,,,13260,19
Martinique,France,2022-04-09 04:31:54,14.6415,-61.0242,147363,918,,,,39269.04987142419,,,0.6229514871439914,474,MTQ,,,18438,16
Mayotte,France,2022-04-09 04:31:54,-12.8275,45.166244,36958,187,,,,13547.00839036263,,,0.5059797608095676,175,MYT,,,188,0
New Caledonia,France,2022-04-09 04:31:54,-20.904305,165.618042,60494,312,,,,21189.459562648208,,,0.5157536284590207,540,NCL,,,1193,8
Reunion,France,2022-04-09 04:31:54,-21.1151,55.5364,347941,720,,,,38862.7154007336,,,0.20693163496109973,638,REU,,,37760,40
Saint Barthelemy,France,2022-04-09 04:31:54,17.9,-62.8333,4313,6,,,,43631.76530096105,,,0.13911430558775795,652,BLM,,,533,0
Saint Pierre and Miquelon,France,2022-04-09 04:31:54,46.8852,-56.3159,2418,1,,,,41725.625539257984,,,0.0413564929693962,666,SPM,,,980,0
St Martin,France,2022-04-09 04:31:54,18.0708,-63.0501,10176,63,,,,26322.46048785535,,,0.6191037735849056,663,MAF,,,264,0
Wallis and Futuna,France,2022-04-09 04:31:54,-14.2938,-178.1165,454,7,,,,2969.4551638432863,,,1.5418502202643172,876,WLF,,,0,0
Baden-Wurttemberg,Germany,2022-04-09 04:31:54,48.6616,9.3501,3213778,15368,,,,28945.019847261694,,,0.4781910884946005,27601,DEU,,,795223,753
Bayern,Germany,2022-04-09 04:31:54,48.7904,11.4979,4278851,22939,,,,32563.100529117437,,,0.5361018647295734,27602,DEU,,,1105054,1042
Berlin,Germany,2022-04-09 04:31:54,52.52,13.405,945380,4407,,,,25801.23621485073,,,0.4661617550614568,27603,DEU,,,151618,112
Brandenburg,Germany,2022-04-09 04:31:54,52.4125,12.5316,716821,5469,,,,28320.857060114082,,,0.7629519782484051,27604,DEU,,,134859,177
Bremen,Germany,2022-04-09 04:31:54,53.0793,8.8017,165653,726,,,,24356.078984899945,,,0.4382655309592944,27605,DEU,,,39928,31
Hamburg,Germany,2022-04-09 04:31:54,53.5511,9.9937,477675,2424,,,,25785.731328523198,,,0.5074579996859789,27606,DEU,,,101609,85
Hessen,Germany,2022-04-09 04:31:54,50.6521,9.1624,1541185,9707,,,,24489.866289622027,,,0.6298400256945142,27607,DEU,,,361271,348
Mecklenburg-Vorpommern,Germany,2022-04-09 04:31:54,53.6127,12.4296,429123,2064,,,,26640.7950463566,,,0.4809809774819807,27608,DEU,,,135523,212
Niedersachsen,Germany,2022-04-09 04:31:54,52.6367,9.8451,1866628,8312,,,,23322.876554913204,,,0.4452949382522924,27609,DEU,,,618372,614
Nordrhein-Westfalen,Germany,2022-04-09 04:31:54,51.4332,7.6616,4501871,24029,,,,25114.24183442981,,,0.5337558539549445,27610,DEU,,,1027675,1220
Rheinland-Pfalz,Germany,2022-04-09 04:31:54,50.1183,7.309,961831,5354,,,,23468.50263920646,,,0.5566466458244743,27611,DEU,,,282802,251
Saarland,Germany,2022-04-09 04:31:54,49.3964,7.023,269850,1566,,,,27424.031317359608,,,0.5803224013340745,27612,DEU,,,83260,125
Sachsen,Germany,2022-04-09 04:31:54,51.1045,13.2017,1380818,14941,,,,34035.939886727465,,,1.0820397764223817,27613,DEU,,,332927,472
Sachsen-Anhalt,Germany,2022-04-09 04:31:54,51.9503,11.6923,640187,5104,,,,29357.16499960563,,,0.7972670485342565,27614,DEU,,,162515,250
Schleswig-Holstein,Germany,2022-04-09 04:31:54,54.2194,9.6961,555619,2340,,,,19087.69699832525,,,0.4211519044525116,27615,DEU,,,176726,154
Thuringen,Germany,2022-04-09 04:31:54,51.011,10.8453,646456,6929,,,,30489.799017751317,,,1.0718440234138131,27616,DEU,,,173947,248
Unknown,Germany,2022-04-09 04:31:54,,,37652,0,,,,,,,0.0,27617,DEU,,,-19035,0
Andaman and Nicobar Islands,India,2022-04-09 04:31:54,11.225999,92.968178,10034,129,,,,2406.027297403581,,,1.2856288618696432,35601,IND,,,9,0
Andhra Pradesh,India,2022-04-09 04:31:54,15.9129,79.74,2319599,14730,,,,4303.252301761412,,,0.6350235536400903,35602,IND,,,886,1
Arunachal Pradesh,India,2022-04-09 04:31:54,27.768456,96.384277,64489,296,,,,4106.381705209563,,,0.4589930065592582,35603,IND,,,10,0
Assam,India,2022-04-09 04:31:54,26.357149,92.830441,724197,6639,,,,2033.8590917374509,,,0.9167395059631565,35604,IND,,,27,0
Bihar,India,2022-04-09 04:31:54,25.679658,85.60484,830489,12256,,,,665.4563240686538,,,1.4757570539766331,35605,IND,,,153,1
Chandigarh,India,2022-04-09 04:31:54,30.733839,76.76827800000002,91937,1165,,,,7936.050300697556,,,1.2671720852322783,35606,IND,,,101,0
Chhattisgarh,India,2022-04-09 04:31:54,21.264705,82.035366,1152194,14034,,,,3914.203554116694,,,1.2180240480335778,35607,IND,,,472,0
Dadra and Nagar Haveli and Daman and Diu,India,2022-04-09 04:31:54,20.194742,73.080901,11441,4,,,,1858.1377370380235,,,0.0349619788480028,35608,IND,,,1,0
Delhi,India,2022-04-09 04:31:54,28.646519,77.10898,1865942,26156,,,,9972.474899954157,,,1.4017584683768305,35609,IND,,,3329,15
Goa,India,2022-04-09 04:31:54,15.359682,74.057396,245336,3832,,,,15466.414499605991,,,1.5619395441353898,35610,IND,,,160,2
Gujarat,India,2022-04-09 04:31:54,22.694884,71.590923,1223991,10942,,,,1916.3066037334845,,,0.8939608216073485,35611,IND,,,496,4
Haryana,India,2022-04-09 04:31:54,29.20004,76.332824,985701,10617,,,,3494.8121397673835,,,1.0771014739763884,35612,IND,,,2006,33
Himachal Pradesh,India,2022-04-09 04:31:54,31.927213,77.233081,284625,4133,,,,3819.4675088617687,,,1.4520860781730347,35613,IND,,,659,9
Jammu and Kashmir,India,2022-04-09 04:31:54,33.75943,76.612638,453854,4750,,,,3335.611686333998,,,1.0465920758658072,35614,IND,,,463,1
Jharkhand,India,2022-04-09 04:31:54,23.654536,85.557631,435164,5315,,,,1127.5446606291746,,,1.2213786066862151,35615,IND,,,325,0
Karnataka,India,2022-04-09 04:31:54,14.70518,76.166436,3945900,40057,,,,5840.35394921984,,,1.0151549709825392,35616,IND,,,2498,43
Kerala,India,2022-04-09 04:31:54,10.450898,76.405749,6535357,68339,,,,18306.607752955697,,,1.0456812076218636,35617,IND,,,17054,1575
Ladakh,India,2022-04-09 04:31:54,34.1526,77.5771,28232,228,,,,10292.79336757945,,,0.8075942193255881,35618,IND,,,76,0
Lakshadweep,India,2022-04-09 04:31:54,13.6999972,72.18333259999999,11402,52,,,,17696.999798227505,,,0.45606034029117704,35637,IND,,,1,0
Madhya Pradesh,India,2022-04-09 04:31:54,23.541513,78.289633,1041188,10735,,,,1219.7758021081909,,,1.0310337806428809,35619,IND,,,701,2
Maharashtra,India,2022-04-09 04:31:54,19.449759,76.108221,7874948,147810,,,,6394.8984435916245,,,1.8769647748785132,35620,IND,,,4509,4057
Manipur,India,2022-04-09 04:31:54,24.738975,93.882541,137146,2120,,,,4436.163795125091,,,1.5457979087979234,35621,IND,,,196,4
Meghalaya,India,2022-04-09 04:31:54,25.536934,91.278882,93781,1593,,,,2785.538403961137,,,1.6986383169298684,35622,IND,,,131,6
Mizoram,India,2022-04-09 04:31:54,23.309381,92.83822,225458,688,,,,18193.188750560825,,,0.305156614535745,35623,IND,,,5310,21
Nagaland,India,2022-04-09 04:31:54,26.06702,94.470302,35480,759,,,,1577.10267391802,,,2.1392333709131903,35624,IND,,,37,2
Odisha,India,2022-04-09 04:31:54,20.505428,84.418059,1287823,9121,,,,2778.0950063911437,,,0.7082495032314223,35625,IND,,,1448,18
Puducherry,India,2022-04-09 04:31:54,11.882658,78.86498,165774,1962,,,,11727.560978025414,,,1.1835390350718449,35626,IND,,,17,0
Punjab,India,2022-04-09 04:31:54,30.841465000000003,75.40879,759188,17742,,,,2518.7571913197185,,,2.336970552748463,35627,IND,,,575,18
Rajasthan,India,2022-04-09 04:31:54,26.583423,73.847973,1283086,9552,,,,1583.4177735358137,,,0.7444551651253306,35628,IND,,,1162,4
Sikkim,India,2022-04-09 04:31:54,27.571671,88.472712,39143,452,,,,5670.835681512956,,,1.1547403111667476,35629,IND,,,43,7
Tamil Nadu,India,2022-04-09 04:31:54,11.006091,78.400624,3453033,38025,,,,4435.992800579672,,,1.101205809501386,35630,IND,,,1413,2
Telangana,India,2022-04-09 04:31:54,18.1124,79.0193,791461,4111,,,,2010.6861485122529,,,0.5194191501539558,35631,IND,,,1292,0
Tripura,India,2022-04-09 04:31:54,23.746783,91.743565,100878,922,,,,2419.256203064228,,,0.9139752968932772,35632,IND,,,9,3
Unknown,India,2022-04-09 04:31:54,,,0,0,,,,,,,,35636,IND,,,0,0
Uttar Pradesh,India,2022-04-09 04:31:54,26.925425,80.560982,2071018,23498,,,,870.6046225088434,,,1.1346110946404135,35633,IND,,,1358,12
Uttarakhand,India,2022-04-09 04:31:54,30.156447,79.197608,437291,7692,,,,3886.7346828126347,,,1.7590117336053108,35634,IND,,,460,3
West Bengal,India,2022-04-09 04:31:54,23.814082,87.979803,2017637,21200,,,,2025.5507660765381,,,1.0507341013274438,35635,IND,,,1419,16
Abruzzo,Italy,2022-04-09 04:31:54,42.35122196,13.39843823,330778,3123,,,,25219.8112200552,,,0.9441377600686864,38013,ITA,,,54205,105
Basilicata,Italy,2022-04-09 04:31:54,40.63947052,15.80514834,112840,846,,,,20047.293419960948,,,0.7497341368309111,38017,ITA,,,23624,60
Calabria,Italy,2022-04-09 04:31:54,38.90597598,16.59440194,315724,2366,,,,16214.830948713774,,,0.7493887065918333,38018,ITA,,,77715,192
Campania,Italy,2022-04-09 04:31:54,40.83956555,14.25084984,1457535,10095,,,,25122.584928672528,,,0.6926077246858566,38015,ITA,,,204560,217
Emilia-Romagna,Italy,2022-04-09 04:31:54,44.49436681,11.3417208,1317033,16348,,,,29533.351108212915,,,1.2412748959213626,38008,ITA,,,104601,294
Friuli Venezia Giulia,Italy,2022-04-09 04:31:54,45.6494354,13.76813649,342861,4937,,,,28213.90365530521,,,1.439942133984326,38006,ITA,,,27434,116
Lazio,Italy,2022-04-09 04:31:54,41.89277044,12.48366722,1347013,10846,,,,22911.961425270136,,,0.8051889625415641,38012,ITA,,,221863,292
Liguria,Italy,2022-04-09 04:31:54,44.41149315,8.9326992,396479,5218,,,,25568.732910282208,,,1.3160848367757183,38007,ITA,,,39484,71
Lombardia,Italy,2022-04-09 04:31:54,45.46679409,9.190347404,2602794,39423,,,,25871.227625779604,,,1.5146415736320278,38003,ITA,,,214982,518
Marche,Italy,2022-04-09 04:31:54,43.61675973,13.5188753,406927,3750,,,,26678.996715993417,,,0.9215412100941938,38011,ITA,,,62321,125
Molise,Italy,2022-04-09 04:31:54,41.55774754,14.65916051,52021,600,,,,17021.63165007182,,,1.1533803656215758,38014,ITA,,,9987,23
P.A. Bolzano,Italy,2022-04-09 04:31:54,46.49933453,11.35662422,202180,1453,,,,37981.0564361904,,,0.7186665347709962,38041,ITA,,,8225,31
P.A. Trento,Italy,2022-04-09 04:31:54,46.06893511,11.12123097,152813,1543,,,,28224.588026256977,,,1.0097308475064295,38042,ITA,,,10508,16
Piemonte,Italy,2022-04-09 04:31:54,45.0732745,7.680687483,1074279,13233,,,,24659.753934780187,,,1.2318029115341544,38001,ITA,,,74633,111
Puglia,Italy,2022-04-09 04:31:54,41.12559576,16.86736689,964124,8054,,,,23929.295544139037,,,0.8353697242263444,38016,ITA,,,185977,278
Sardegna,Italy,2022-04-09 04:31:54,39.21531192,9.110616306,243417,2264,,,,14846.202498062017,,,0.9300911604366171,38020,ITA,,,52302,157
Sicilia,Italy,2022-04-09 04:31:54,38.11569725,13.362356699999998,1015789,10242,,,,20316.222893659084,,,1.00828026292862,38019,ITA,,,172350,527
Toscana,Italy,2022-04-09 04:31:54,43.76923077,11.25588885,1018975,9609,,,,27320.99416539018,,,0.9430064525626242,38009,ITA,,,129843,414
Umbria,Italy,2022-04-09 04:31:54,43.10675841,12.38824698,244553,1824,,,,27726.62596441104,,,0.7458505927140539,38010,ITA,,,47717,68
Valle d'Aosta,Italy,2022-04-09 04:31:54,45.73750286,7.320149366,33185,527,,,,26407.30189550077,,,1.5880668976947416,38002,ITA,,,1273,5
Veneto,Italy,2022-04-09 04:31:54,45.43490485,12.33845213,1542387,14245,,,,31439.72486747465,,,0.9235684688732464,38005,ITA,,,167964,289
Aichi,Japan,2022-04-09 04:31:54,35.035551,137.211621,435094,1986,,,,5761.125938943404,,,0.4564530882981608,39201,JPN,,,71175,186
Akita,Japan,2022-04-09 04:31:54,39.748679,140.408228,18681,49,,,,1932.8704901240567,,,0.2622985921524544,39202,JPN,,,6593,9
Aomori,Japan,2022-04-09 04:31:54,40.781541,140.828896,40118,88,,,,3218.7847759615715,,,0.21935290891868986,39203,JPN,,,13559,13
Chiba,Japan,2022-04-09 04:31:54,35.510141,140.198917,378823,1678,,,,6052.083097021399,,,0.4429509295898084,39204,JPN,,,73362,200
Ehime,Japan,2022-04-09 04:31:54,33.624835,132.856842,27112,130,,,,2024.469558659364,,,0.4794924756565359,39205,JPN,,,7048,8
Fukui,Japan,2022-04-09 04:31:54,35.846614,136.22465400000002,22740,45,,,,2961.1804093304527,,,0.19788918205804748,39206,JPN,,,6140,4
Fukuoka,Japan,2022-04-09 04:31:54,33.526032,130.666949,320818,1152,,,,6286.0144613326975,,,0.3590820963911002,39207,JPN,,,58308,114
Fukushima,Japan,2022-04-09 04:31:54,37.378867,140.223295,40317,200,,,,2184.5887254479635,,,0.4960686559019769,39208,JPN,,,11700,10
Gifu,Japan,2022-04-09 04:31:54,35.778671,137.055925,72327,317,,,,3640.766802561378,,,0.4382872233052664,39209,JPN,,,13398,22
Gunma,Japan,2022-04-09 04:31:54,36.504479,138.985605,74272,292,,,,3823.6129930356205,,,0.3931495045239121,39210,JPN,,,15756,26
Hiroshima,Japan,2022-04-09 04:31:54,34.605309000000005,132.788719,105068,451,,,,3746.8390903997856,,,0.42924582175353104,39211,JPN,,,22780,27
Hokkaido,Japan,2022-04-09 04:31:54,43.385711,142.552318,238980,1946,,,,4551.957515063193,,,0.8142940831868776,39212,JPN,,,46498,98
Hyogo,Japan,2022-04-09 04:31:54,35.039913,134.828057,348977,2136,,,,6384.282288028773,,,0.6120747212567017,39213,JPN,,,54389,177
Ibaraki,Japan,2022-04-09 04:31:54,36.303588,140.319591,123416,388,,,,4314.781595122482,,,0.3143838724314513,39214,JPN,,,35361,54
Ishikawa,Japan,2022-04-09 04:31:54,36.769464,136.771027,36793,186,,,,3234.12581560745,,,0.5055309433859702,39215,JPN,,,7740,8
Iwate,Japan,2022-04-09 04:31:54,39.593287,141.361777,20504,80,,,,1671.3182742970419,,,0.3901677721420211,39216,JPN,,,6737,16
Kagawa,Japan,2022-04-09 04:31:54,34.217292,133.969047,31993,113,,,,3345.3338589445043,,,0.35320226299503016,39217,JPN,,,9184,26
Kagoshima,Japan,2022-04-09 04:31:54,31.009484000000004,130.430665,49369,171,,,,3081.185291145766,,,0.3463712046020782,39218,JPN,,,13667,33
Kanagawa,Japan,2022-04-09 04:31:54,35.415312,139.338983,631975,2067,,,,6870.586940932793,,,0.3270698999169271,39219,JPN,,,117087,211
Kochi,Japan,2022-04-09 04:31:54,33.422519,133.367307,18183,101,,,,2604.906099889833,,,0.555463894846835,39220,JPN,,,4101,11
Kumamoto,Japan,2022-04-09 04:31:54,32.608154,130.74523100000002,69261,276,,,,3963.28152225351,,,0.3984926582059167,39221,JPN,,,13503,20
Kyoto,Japan,2022-04-09 04:31:54,35.253815,135.443341,162602,676,,,,6295.188034489152,,,0.4157390438001993,39222,JPN,,,24681,160
Mie,Japan,2022-04-09 04:31:54,34.508018,136.376013,60423,274,,,,3392.8693759609005,,,0.4534697052446916,39223,JPN,,,13170,16
Miyagi,Japan,2022-04-09 04:31:54,38.446859,140.927086,62721,176,,,,2719.474150882449,,,0.2806077709220197,39224,JPN,,,15223,19
Miyazaki,Japan,2022-04-09 04:31:54,32.193203999999994,131.299374,29365,119,,,,2735.9519836467125,,,0.4052443384982122,39225,JPN,,,8026,17
Nagano,Japan,2022-04-09 04:31:54,36.132134,138.045528,48694,168,,,,2376.719917609906,,,0.3450117057543024,39226,JPN,,,13418,12
Nagasaki,Japan,2022-04-09 04:31:54,33.235712,129.608033,36939,117,,,,2784.6461880825373,,,0.3167384065621701,39227,JPN,,,7085,6
Nara,Japan,2022-04-09 04:31:54,34.317451,135.871644,76242,353,,,,5731.951105273722,,,0.4629993966580101,39228,JPN,,,11997,46
Niigata,Japan,2022-04-09 04:31:54,37.521819,138.918647,48046,91,,,,2161.2104865894835,,,0.18940182325271612,39229,JPN,,,14203,11
Oita,Japan,2022-04-09 04:31:54,33.200697,131.43323999999998,35470,144,,,,3123.9156128845884,,,0.4059768818720045,39230,JPN,,,8174,33
Okayama,Japan,2022-04-09 04:31:54,34.89246,133.826252,66965,224,,,,3543.8979755353816,,,0.3345030986336145,39231,JPN,,,12166,11
Okinawa,Japan,2022-04-09 04:31:54,25.768923,126.668016,131516,441,,,,9050.295629961574,,,0.3353204172876304,39232,JPN,,,22878,11
Osaka,Japan,2022-04-09 04:31:54,34.620965000000005,135.507481,824968,4791,,,,9364.67256486082,,,0.5807497987800739,39233,JPN,,,106779,538
Port Quarantine,Japan,2022-04-09 04:31:54,,,4463,4,,,,,,,0.08962581223392338,39248,JPN,,,0,0
Saga,Japan,2022-04-09 04:31:54,33.286977,130.115738,35025,90,,,,4299.070467932801,,,0.2569593147751606,39234,JPN,,,8039,22
Saitama,Japan,2022-04-09 04:31:54,35.997101,139.347635,455550,1407,,,,6198.218075231171,,,0.30885742509054986,39235,JPN,,,97560,169
Shiga,Japan,2022-04-09 04:31:54,35.21582700000001,136.138064,72595,197,,,,5134.223939720342,,,0.2713685515531373,39236,JPN,,,15337,35
Shimane,Japan,2022-04-09 04:31:54,35.07076,132.55406399999998,10439,11,,,,1548.018376323134,,,0.1053740779768177,39237,JPN,,,2941,3
Shizuoka,Japan,2022-04-09 04:31:54,34.916975,138.40778400000002,129948,386,,,,3566.5431965940707,,,0.2970418936805491,39238,JPN,,,27258,21
Tochigi,Japan,2022-04-09 04:31:54,36.689912,139.819213,67650,252,,,,3497.949834280425,,,0.37250554323725055,39239,JPN,,,15751,31
Tokushima,Japan,2022-04-09 04:31:54,33.919178,134.242091,16869,79,,,,2317.2435392876423,,,0.468314660027269,39240,JPN,,,3525,3
Tokyo,Japan,2022-04-09 04:31:54,35.711343,139.446921,1310796,4228,,,,9416.189444425168,,,0.3225520981144282,39241,JPN,,,206085,322
Tottori,Japan,2022-04-09 04:31:54,35.359069,133.863619,9971,14,,,,1794.772103002747,,,0.14040718082439074,39242,JPN,,,2221,4
Toyama,Japan,2022-04-09 04:31:54,36.637464,137.26934599999998,29375,85,,,,2815.0401245038342,,,0.28936170212765955,39243,JPN,,,6984,15
Unknown,Japan,2022-04-09 04:31:54,,,8,0,,,,,,,0.0,39249,JPN,,,0,0
Wakayama,Japan,2022-04-09 04:31:54,33.911879,135.505446,30353,110,,,,3281.643102797716,,,0.36240239844496425,39244,JPN,,,5225,4
Yamagata,Japan,2022-04-09 04:31:54,38.448396,140.102154,18966,80,,,,1759.9144818524478,,,0.4218074449014025,39245,JPN,,,5062,5
Yamaguchi,Japan,2022-04-09 04:31:54,34.201190000000004,131.573293,31738,167,,,,2336.535290237467,,,0.5261831243304556,39246,JPN,,,7277,19
Yamanashi,Japan,2022-04-09 04:31:54,35.612364,138.61148899999998,25202,64,,,,3107.690182944574,,,0.2539480993571939,39247,JPN,,,5907,7
Johor,Malaysia,2022-04-09 04:31:54,1.4854,103.7618,376922,4468,,,,10002.706862693063,,,1.185391141933875,45801,MYS,,,34405,257
Kedah,Malaysia,2022-04-09 04:31:54,6.1184,100.3685,295118,2590,,,,13500.983576558854,,,0.8776150556726462,45802,MYS,,,33065,208
Kelantan,Malaysia,2022-04-09 04:31:54,6.1254,102.2381,246219,1417,,,,13012.313708910264,,,0.5755039213058294,45803,MYS,,,15069,66
Melaka,Malaysia,2022-04-09 04:31:54,2.1896,102.2501,118690,1099,,,,12725.420821271577,,,0.9259415283511668,45804,MYS,,,13484,69
Negeri Sembilan,Malaysia,2022-04-09 04:31:54,2.7258,101.9424,194067,1464,,,,17142.213585372316,,,0.7543786424276152,45805,MYS,,,30075,75
Pahang,Malaysia,2022-04-09 04:31:54,3.8126,103.3256,168631,954,,,,10054.916224435035,,,0.5657322793555158,45806,MYS,,,22157,69
Perak,Malaysia,2022-04-09 04:31:54,4.5921,101.0901,193878,1875,,,,7711.013005607922,,,0.9671030235508928,45807,MYS,,,28618,270
Perlis,Malaysia,2022-04-09 04:31:54,6.4449,100.2048,16987,179,,,,6672.034564021996,,,1.05374698298699,45808,MYS,,,2584,23
Pulau Pinang,Malaysia,2022-04-09 04:31:54,5.4141,100.3288,271990,1959,,,,15300.967596759676,,,0.7202470679069083,45809,MYS,,,37481,108
Sabah,Malaysia,2022-04-09 04:31:54,5.9788,116.0753,368954,3114,,,,9448.97175199119,,,0.8440076540706971,45810,MYS,,,11736,53
Sarawak,Malaysia,2022-04-09 04:31:54,1.5533,110.3592,301883,1707,,,,10712.288421276748,,,0.5654508534763468,45811,MYS,,,27393,67
Selangor,Malaysia,2022-04-09 04:31:54,3.0738,101.5183,1256131,10577,,,,19201.317660007036,,,0.8420300112010609,45812,MYS,,,221764,271
Terengganu,Malaysia,2022-04-09 04:31:54,5.3117,103.1324,123342,854,,,,9866.570674346052,,,0.6923837784371909,45813,MYS,,,15233,50
Unknown,Malaysia,2022-04-09 04:31:54,,,0,0,,,,,,,,45817,MYS,,,0,0
W.P. Kuala Lumpur,Malaysia,2022-04-09 04:31:54,3.139,101.6869,335147,2807,,,,18845.4228520018,,,0.8375429289237261,45814,MYS,,,52716,68
W.P. Labuan,Malaysia,2022-04-09 04:31:54,5.2831,115.2308,21122,155,,,,21249.49698189135,,,0.7338320234826248,45815,MYS,,,1979,3
W.P. Putrajaya,Malaysia,2022-04-09 04:31:54,2.9264,101.6964,18448,40,,,,17502.846299810248,,,0.2168256721595837,45816,MYS,,,2840,4
Aguascalientes,Mexico,2022-04-09 04:31:54,21.8853,-102.2916,64893,3495,,,,4523.310807278506,,,5.3857889140585264,48401,MEX,,,2820,23
Baja California,Mexico,2022-04-09 04:31:54,30.8406,-115.2838,133400,12217,,,,3670.009474897025,,,9.158170914542726,48402,MEX,,,2876,95
Baja California Sur,Mexico,2022-04-09 04:31:54,26.0444,-111.6661,103427,2682,,,,12852.736644845088,,,2.5931333210863703,48403,MEX,,,1723,59
Campeche,Mexico,2022-04-09 04:31:54,19.8301,-90.5349,33995,2235,,,,3397.403801854256,,,6.5744962494484485,48404,MEX,,,398,7
Chiapas,Mexico,2022-04-09 04:31:54,16.7569,-93.1292,37781,2408,,,,659.3120475529753,,,6.373574018686641,48405,MEX,,,2719,16
Chihuahua,Mexico,2022-04-09 04:31:54,28.633000000000006,-106.0691,131118,9943,,,,3449.1239875343517,,,7.5832456260772725,48406,MEX,,,4192,105
Ciudad de Mexico,Mexico,2022-04-09 04:31:54,19.4326,-99.1332,1390691,42669,,,,15420.17675604262,,,3.0681869660478136,48407,MEX,,,20630,280
Coahuila,Mexico,2022-04-09 04:31:54,27.0587,-101.7068,145354,8775,,,,4515.894517075109,,,6.036985566272687,48408,MEX,,,1554,48
Colima,Mexico,2022-04-09 04:31:54,19.1223,-104.0072,54606,2191,,,,6954.822817973058,,,4.012379591986228,48409,MEX,,,334,10
Durango,Mexico,2022-04-09 04:31:54,24.5593,-104.6588,68143,3589,,,,3645.968209669791,,,5.266865268626272,48410,MEX,,,376,27
Guanajuato,Mexico,2022-04-09 04:31:54,21.019,-101.2574,281681,14869,,,,4522.6892307939315,,,5.2786662927212,48411,MEX,,,3854,81
Guerrero,Mexico,2022-04-09 04:31:54,17.4392,-99.5451,98338,6751,,,,2688.9994334228045,,,6.865097927555981,48412,MEX,,,417,73
Hidalgo,Mexico,2022-04-09 04:31:54,20.0911,-98.7624,92867,8383,,,,3008.896408582905,,,9.026887914975179,48413,MEX,,,2605,48
Jalisco,Mexico,2022-04-09 04:31:54,20.6595,-103.3494,243628,19525,,,,2896.990413324244,,,8.014267653964241,48414,MEX,,,8314,264
Mexico,Mexico,2022-04-09 04:31:54,19.4969,-99.7233,570169,47129,,,,3271.6081614478944,,,8.265794878360628,48415,MEX,,,39720,321
Michoacan,Mexico,2022-04-09 04:31:54,19.5665,-101.7068,93975,8817,,,,1947.5065388348041,,,9.382282521947326,48416,MEX,,,641,57
Morelos,Mexico,2022-04-09 04:31:54,18.6813,-99.1013,69806,5259,,,,3415.0694354074103,,,7.533736355041113,48417,MEX,,,2533,77
Nayarit,Mexico,2022-04-09 04:31:54,21.7514,-104.8455,58088,3181,,,,4507.939415057454,,,5.476174080705137,48418,MEX,,,319,41
Nuevo Leon,Mexico,2022-04-09 04:31:54,25.5922,-99.9962,318237,14966,,,,5672.519091725307,,,4.702784402819282,48419,MEX,,,7701,96
Oaxaca,Mexico,2022-04-09 04:31:54,17.0732,-96.7266,119330,6143,,,,2879.8677862425197,,,5.147909159473729,48420,MEX,,,980,54
Puebla,Mexico,2022-04-09 04:31:54,19.0414,-98.2063,169148,16434,,,,2561.12128017908,,,9.715751885922387,48421,MEX,,,1734,123
Queretaro,Mexico,2022-04-09 04:31:54,20.5888,-100.3899,141324,6192,,,,6199.4080636522385,,,4.3814214146217205,48422,MEX,,,888,44
Quintana Roo,Mexico,2022-04-09 04:31:54,19.1817,-88.4791,91604,4380,,,,5315.741858884821,,,4.78145059167722,48423,MEX,,,482,35
San Luis Potosi,Mexico,2022-04-09 04:31:54,22.1565,-100.9855,185380,7464,,,,6467.927967281454,,,4.026324306829216,48424,MEX,,,4108,46
Sinaloa,Mexico,2022-04-09 04:31:54,25.1721,-107.4795,121604,9654,,,,3852.282497337387,,,7.938883589355612,48425,MEX,,,1279,86
Sonora,Mexico,2022-04-09 04:31:54,29.2972,-110.3309,165219,10095,,,,5373.421210539411,,,6.110072086140214,48426,MEX,,,2285,87
Tabasco,Mexico,2022-04-09 04:31:54,17.8409,-92.6189,189695,6039,,,,7374.565901860873,,,3.183531458393737,48427,MEX,,,273,21
Tamaulipas,Mexico,2022-04-09 04:31:54,24.2669,-98.8363,143666,7974,,,,3935.4057221247344,,,5.550373783637047,48428,MEX,,,2051,59
Tlaxcala,Mexico,2022-04-09 04:31:54,19.3139,-98.2404,43733,3071,,,,3169.032710608829,,,7.022157181076075,48429,MEX,,,490,13
Unknown,Mexico,2022-04-09 04:31:54,,,0,0,,,,,,,,48433,MEX,,,0,0
Veracruz,Mexico,2022-04-09 04:31:54,19.1738,-96.1342,178055,16372,,,,2084.986853417537,,,9.194911684591839,48430,MEX,,,4459,366
Yucatan,Mexico,2022-04-09 04:31:54,20.7099,-89.0943,108855,6760,,,,4818.5160626055185,,,6.210095999265077,48431,MEX,,,317,222
Zacatecas,Mexico,2022-04-09 04:31:54,22.7709,-102.5832,67694,3846,,,,4062.226585518949,,,5.681448872869088,48432,MEX,,,561,17
Aruba,Netherlands,2022-04-09 04:31:54,12.5211,-69.9683,34189,212,,,,32022.3666710376,,,0.6200824826698645,533,ABW,,,357,0
"Bonaire, Sint Eustatius and Saba",Netherlands,2022-04-09 04:31:54,12.1784,-68.2385,8992,33,,,,34293.12383204302,,,0.3669928825622776,535,BES,,,1250,2
Curacao,Netherlands,2022-04-09 04:31:54,12.1696,-68.99,41153,270,,,,25078.001218769044,,,0.6560882560202173,531,CUW,,,1617,3
Drenthe,Netherlands,2022-04-09 04:31:54,52.862485,6.618435000000002,199563,445,,,,40423.38995547741,,,0.22298722709119426,52801,NLD,,,36617,7
Flevoland,Netherlands,2022-04-09 04:31:54,52.550383,5.515162,181130,331,,,,42818.205242765725,,,0.18274167724838514,52802,NLD,,,21072,7
Friesland,Netherlands,2022-04-09 04:31:54,53.087337,5.7925,274664,614,,,,42258.79558186157,,,0.2235458596685405,52803,NLD,,,37555,15
Gelderland,Netherlands,2022-04-09 04:31:54,52.061738,5.939114,972613,2769,,,,46626.81595741417,,,0.28469699664717624,52804,NLD,,,137453,67
Groningen,Netherlands,2022-04-09 04:31:54,53.217922,6.741514,244756,349,,,,41776.78854891733,,,0.1425909885763781,52805,NLD,,,41361,6
Limburg,Netherlands,2022-04-09 04:31:54,51.209227,5.93387,524260,2148,,,,46926.20217847997,,,0.4097203677564567,52806,NLD,,,60529,36
Noord-Brabant,Netherlands,2022-04-09 04:31:54,51.561174,5.184942,1225244,3680,,,,47805.91153570781,,,0.3003483387798675,52807,NLD,,,124595,65
Noord-Holland,Netherlands,2022-04-09 04:31:54,52.60090600000001,4.918688,1301755,3331,,,,45207.251051995685,,,0.2558853240433108,52808,NLD,,,148597,60
Overijssel,Netherlands,2022-04-09 04:31:54,52.444558,6.441722,558736,1402,,,,48067.19855196893,,,0.2509235130723633,52809,NLD,,,81490,19
Sint Maarten,Netherlands,2022-04-09 04:31:54,18.0425,-63.0548,9833,86,,,,22930.367053775477,,,0.8746059188447066,534,SXM,,,234,1
Unknown,Netherlands,2022-04-09 04:31:54,,,84139,21,,,,,,,0.024958699295213868,52813,NLD,,,0,0
Utrecht,Netherlands,2022-04-09 04:31:54,52.084251,5.163824,654328,1526,,,,48295.805980658886,,,0.2332163685491069,52810,NLD,,,78652,13
Zeeland,Netherlands,2022-04-09 04:31:54,51.47936,3.861559,165944,385,,,,43272.27970627503,,,0.23200597792026226,52811,NLD,,,21245,14
Zuid-Holland,Netherlands,2022-04-09 04:31:54,51.937835,4.462114,1668842,5100,,,,44998.08018775332,,,0.3056011294058994,52812,NLD,,,185186,83
Cook Islands,New Zealand,2022-04-09 04:31:54,-21.2367,-159.7777,3171,0,,,,18162.55226530729,,,0.0,184,COK,,,2829,0
Azad Jammu and Kashmir,Pakistan,2022-04-09 04:31:54,34.027401,73.947253,43294,792,,,,1070.2121884645296,,,1.82935279715434,58601,PAK,,,127,2
Balochistan,Pakistan,2022-04-09 04:31:54,28.328492,65.898403,35480,378,,,,287.41759021574785,,,1.0653889515219843,58602,PAK,,,52,1
Gilgit-Baltistan,Pakistan,2022-04-09 04:31:54,35.792146,74.982138,11718,191,,,,1156.0955974048525,,,1.6299709848096944,58603,PAK,,,109,0
Islamabad,Pakistan,2022-04-09 04:31:54,33.665087,73.121219,135119,1023,,,,6733.822658743369,,,0.7571103989816385,58604,PAK,,,345,4
Khyber Pakhtunkhwa,Pakistan,2022-04-09 04:31:54,34.485332,72.09169,219238,6322,,,,718.2627371006957,,,2.883624189237268,58605,PAK,,,1366,25
Punjab,Pakistan,2022-04-09 04:31:54,30.811346,72.13913199999998,505332,13558,,,,459.3407716556278,,,2.6829886094686266,58606,PAK,,,1881,23
Sindh,Pakistan,2022-04-09 04:31:54,26.009446,68.77680699999999,576291,8097,,,,1203.4631964118319,,,1.4050193391880144,58607,PAK,,,4842,8
Amazonas,Peru,2022-04-09 04:31:54,-5.077253,-78.050172,44050,1332,,,,10320.99343955014,,,3.0238365493757096,60401,PER,,,452,0
Ancash,Peru,2022-04-09 04:31:54,-9.407125,-77.67179499999997,126603,7114,,,,10723.615110960529,,,5.6191401467579745,60402,PER,,,2320,68
Apurimac,Peru,2022-04-09 04:31:54,-14.027713,-72.975378,38963,1623,,,,9046.436034362663,,,4.165490336986371,60403,PER,,,491,16
Arequipa,Peru,2022-04-09 04:31:54,-15.843524,-72.475539,212763,10267,,,,14208.828636302926,,,4.8255570752433465,60404,PER,,,2013,101
Ayacucho,Peru,2022-04-09 04:31:54,-14.091648,-74.08344,48104,2319,,,,7199.042202933253,,,4.820804922667554,60405,PER,,,244,19
Cajamarca,Peru,2022-04-09 04:31:54,-6.430284,-78.74559599999998,95821,4452,,,,6591.525073949233,,,4.646163158389079,60406,PER,,,475,47
Callao,Peru,2022-04-09 04:31:54,-11.954609,-77.136042,146432,10481,,,,12959.730949641562,,,7.157588505244755,60407,PER,,,620,44
Cusco,Peru,2022-04-09 04:31:54,-13.191068,-72.153609,116749,5154,,,,8602.829563038833,,,4.4145988402470255,60408,PER,,,674,60
Huancavelica,Peru,2022-04-09 04:31:54,-13.023888,-75.00277,25752,1265,,,,7049.548316452231,,,4.91223982603293,60409,PER,,,323,12
Huanuco,Peru,2022-04-09 04:31:54,-9.421676,-76.040642,52057,2884,,,,6846.902538471656,,,5.540081064986457,60410,PER,,,361,33
Ica,Peru,2022-04-09 04:31:54,-14.235097,-75.574821,103599,8918,,,,10623.359310910582,,,8.608191198756744,60411,PER,,,687,47
Junin,Peru,2022-04-09 04:31:54,-11.541783,-74.876968,125934,7458,,,,9249.651120088138,,,5.922149697460575,60412,PER,,,980,74
La Libertad,Peru,2022-04-09 04:31:54,-7.92139,-78.370238,146517,10921,,,,7264.825466084886,,,7.453742569121673,60413,PER,,,958,72
Lambayeque,Peru,2022-04-09 04:31:54,-6.353049,-79.824113,105476,9227,,,,8046.689044858102,,,8.747961621601123,60414,PER,,,711,41
Lima,Peru,2022-04-09 04:31:54,-11.766533,-76.60449799999998,1605583,92946,,,,15106.393188126265,,,5.788925268889867,60415,PER,,,10891,472
Loreto,Peru,2022-04-09 04:31:54,-4.124847,-74.424115,57880,4379,,,,5632.541845075904,,,7.5656530753282665,60416,PER,,,184,14
Madre de Dios,Peru,2022-04-09 04:31:54,-11.972699,-70.53171999999998,17809,846,,,,10246.835443037977,,,4.750407097534954,60417,PER,,,164,11
Moquegua,Peru,2022-04-09 04:31:54,-16.860271,-70.839046,48334,1617,,,,25082.51167618059,,,3.3454710969503867,60418,PER,,,245,13
Pasco,Peru,2022-04-09 04:31:54,-10.39655,-75.307635,23915,1098,,,,8795.513056270687,,,4.591260715032407,60419,PER,,,171,12
Piura,Peru,2022-04-09 04:31:54,-5.133361,-80.335861,158141,13069,,,,7721.728515625,,,8.264144023371548,60420,PER,,,1320,95
Puno,Peru,2022-04-09 04:31:54,-14.995826999999998,-69.922726,65693,4745,,,,5306.3812600969295,,,7.222991795168435,60421,PER,,,680,77
San Martin,Peru,2022-04-09 04:31:54,-7.039531,-76.729127,61818,3154,,,,6871.72076478435,,,5.10207382962891,60422,PER,,,195,28
Tacna,Peru,2022-04-09 04:31:54,-17.644160999999997,-70.27756,53701,2125,,,,14474.663072776282,,,3.957095771028472,60423,PER,,,175,16
Tumbes,Peru,2022-04-09 04:31:54,-3.857496,-80.54525500000003,27414,1689,,,,10900.198807157058,,,6.161085576712629,60424,PER,,,606,11
Ucayali,Peru,2022-04-09 04:31:54,-9.621718,-73.444929,39451,3245,,,,6696.8256662705835,,,8.225393526146359,60425,PER,,,135,38
Unknown,Peru,2022-04-09 04:31:54,,,2232,110,,,,,,,4.92831541218638,60426,PER,,,-6910,-365
Adygea Republic,Russia,2022-04-09 04:31:54,44.6939006,40.1520421,48591,984,,,,10717.594226425748,,,2.0250663703154905,64301,RUS,,,2298,54
Altai Krai,Russia,2022-04-09 04:31:54,52.6932243,82.69314240000001,263387,8508,,,,11207.575912309369,,,3.230227763708915,64302,RUS,,,12462,311
Altai Republic,Russia,2022-04-09 04:31:54,50.7114101,86.8572186,33895,602,,,,15543.673158674328,,,1.7760731671337957,64303,RUS,,,1138,15
Amur Oblast,Russia,2022-04-09 04:31:54,52.8032368,128.437295,105217,754,,,,13178.085829083297,,,0.7166142353421976,64304,RUS,,,7303,26
Arkhangelsk Oblast,Russia,2022-04-09 04:31:54,63.5589686,43.1221646,226219,1666,,,,19585.58580398051,,,0.7364544976328248,64305,RUS,,,6562,67
Astrakhan Oblast,Russia,2022-04-09 04:31:54,47.1878186,47.608851,115181,2969,,,,11319.844247843272,,,2.5776820829824363,64306,RUS,,,2652,93
Bashkortostan Republic,Russia,2022-04-09 04:31:54,54.8573563,57.1439682,280046,5557,,,,6892.094663121759,,,1.9843168622297764,64307,RUS,,,25639,185
Belgorod Oblast,Russia,2022-04-09 04:31:54,50.7080119,37.5837615,127739,2182,,,,8241.885157264194,,,1.708170566545847,64308,RUS,,,6803,105
Bryansk Oblast,Russia,2022-04-09 04:31:54,52.8873315,33.41585300000001,159328,3841,,,,13156.92553646545,,,2.4107501506326567,64309,RUS,,,7757,246
Buryatia Republic,Russia,2022-04-09 04:31:54,52.7182426,109.492143,134900,2977,,,,13702.233900890898,,,2.206819866567828,64310,RUS,,,5077,67
Chechen Republic,Russia,2022-04-09 04:31:54,43.39761470000001,45.6985005,43145,1076,,,,3002.475328483815,,,2.4939158651060382,64311,RUS,,,603,4
Chelyabinsk Oblast,Russia,2022-04-09 04:31:54,54.4223954,61.1865846,320672,7482,,,,9180.323363400776,,,2.333225227023251,64312,RUS,,,18703,354
Chukotka Autonomous Okrug,Russia,2022-04-09 04:31:54,66.0006475,169.4900869,5531,42,,,,11208.154332495744,,,0.7593563550894956,64313,RUS,,,319,1
Chuvashia Republic,Russia,2022-04-09 04:31:54,55.4259922,47.0849429,77361,4565,,,,6283.805682156934,,,5.900906141337368,64314,RUS,,,2396,90
Dagestan Republic,Russia,2022-04-09 04:31:54,43.05749160000001,47.1332224,92462,3584,,,,3017.8025611274575,,,3.8761869741082817,64315,RUS,,,1726,28
Ingushetia Republic,Russia,2022-04-09 04:31:54,43.11542075,45.01713552,40493,549,,,,8297.014812219415,,,1.35578988961055,64316,RUS,,,789,2
Irkutsk Oblast,Russia,2022-04-09 04:31:54,56.6370122,104.719221,288687,8304,,,,12007.636651769097,,,2.8764717496804497,64317,RUS,,,24503,298
Ivanovo Oblast,Russia,2022-04-09 04:31:54,56.9167446,41.43521370000001,108534,3041,,,,10696.735610252246,,,2.801886966296276,64318,RUS,,,5038,124
Jewish Autonomous Okrug,Russia,2022-04-09 04:31:54,48.57527615,132.66307460000002,18154,529,,,,11205.204488500996,,,2.913958356285116,64319,RUS,,,1824,41
Kabardino-Balkarian Republic,Russia,2022-04-09 04:31:54,43.4806048,43.5978976,61018,1844,,,,7047.358135796024,,,3.022059064538333,64320,RUS,,,1475,50
Kaliningrad Oblast,Russia,2022-04-09 04:31:54,54.7293041,21.1489473,166232,1810,,,,16713.469448491298,,,1.088839693921748,64321,RUS,,,10140,137
Kalmykia Republic,Russia,2022-04-09 04:31:54,46.2313018,45.3275745,50487,833,,,,18331.378693090013,,,1.6499296848693723,64322,RUS,,,2147,10
Kaluga Oblast,Russia,2022-04-09 04:31:54,54.4382773,35.5272854,101767,1426,,,,10055.471238745682,,,1.4012400876512032,64323,RUS,,,3646,53
Kamchatka Krai,Russia,2022-04-09 04:31:54,57.1914882,160.03838190000005,39238,609,,,,12434.520546208767,,,1.5520668739487231,64324,RUS,,,1162,8
Karachay-Cherkess Republic,Russia,2022-04-09 04:31:54,43.7368326,41.7267991,45422,979,,,,9740.834861303223,,,2.1553432257496365,64325,RUS,,,1052,2
Karelia Republic,Russia,2022-04-09 04:31:54,62.61940309999999,33.4920267,132079,1474,,,,21218.055403833678,,,1.1159987583188848,64326,RUS,,,3452,54
Kemerovo Oblast,Russia,2022-04-09 04:31:54,54.53357809999999,87.342861,158872,2262,,,,5895.333998546132,,,1.4237877033083235,64327,RUS,,,8176,85
Khabarovsk Krai,Russia,2022-04-09 04:31:54,51.6312684,136.121524,198001,1520,,,,14906.32401366557,,,0.7676728905409569,64328,RUS,,,12240,58
Khakassia Republic,Russia,2022-04-09 04:31:54,53.72258845,91.44293627,86993,2377,,,,16184.352750538124,,,2.7324037566240964,64329,RUS,,,1701,93
Khanty-Mansi Autonomous Okrug,Russia,2022-04-09 04:31:54,61.0259025,69.0982628,207824,2525,,,,13563.383875795158,,,1.2149703595349912,64330,RUS,,,6828,83
Kirov Oblast,Russia,2022-04-09 04:31:54,57.9665589,49.4074599,149501,981,,,,11650.29402184162,,,0.6561829017866101,64331,RUS,,,4247,69
Komi Republic,Russia,2022-04-09 04:31:54,63.9881421,54.3326073,169161,3086,,,,20117.306656296485,,,1.8242975626769764,64332,RUS,,,5404,111
Kostroma Oblast,Russia,2022-04-09 04:31:54,58.424756,44.2533273,87267,1326,,,,13565.015451001362,,,1.5194747155282065,64333,RUS,,,3050,72
Krasnodar Krai,Russia,2022-04-09 04:31:54,45.7684014,39.0261044,253831,10745,,,,4529.929935646444,,,4.233131493001248,64334,RUS,,,16440,225
Krasnoyarsk Krai,Russia,2022-04-09 04:31:54,63.3233807,97.0979974,361099,10645,,,,12553.428701646482,,,2.9479450233869384,64335,RUS,,,9339,454
Kurgan Oblast,Russia,2022-04-09 04:31:54,55.7655302,64.5632681,102185,1380,,,,12085.219215717349,,,1.350491755149973,64336,RUS,,,7427,116
Kursk Oblast,Russia,2022-04-09 04:31:54,51.6568453,36.4852695,114834,2404,,,,10296.824800468421,,,2.093456641761151,64337,RUS,,,5010,81
Leningrad Oblast,Russia,2022-04-09 04:31:54,60.1853296,32.3925325,182904,3452,,,,10083.933541219176,,,1.887328871976556,64338,RUS,,,6790,59
Lipetsk Oblast,Russia,2022-04-09 04:31:54,52.6935178,39.1122664,146698,3593,,,,12754.118627961549,,,2.449249478520498,64339,RUS,,,11736,220
Magadan Oblast,Russia,2022-04-09 04:31:54,62.48858785,153.9903764,19663,388,,,,13646.237447168804,,,1.9732492498601435,64340,RUS,,,556,6
Mari El Republic,Russia,2022-04-09 04:31:54,56.5767504,47.8817512,44343,1081,,,,6498.733023318527,,,2.437814311165235,64341,RUS,,,588,15
Mordovia Republic,Russia,2022-04-09 04:31:54,54.4419829,44.4661144,65948,1357,,,,8191.7282772875415,,,2.0576818099108394,64342,RUS,,,3604,60
Moscow,Russia,2022-04-09 04:31:54,55.7504461,37.6174943,2746888,42856,,,,21963.73908284897,,,1.5601655400584225,64343,RUS,,,29892,835
Moscow Oblast,Russia,2022-04-09 04:31:54,55.50431579999999,38.0353929,963327,14868,,,,12838.565527425291,,,1.543401150388186,64344,RUS,,,13657,447
Murmansk Oblast,Russia,2022-04-09 04:31:54,68.00004179999999,33.9999151,133790,3281,,,,17754.4631660246,,,2.4523506988564168,64345,RUS,,,3670,124
Nenets Autonomous Okrug,Russia,2022-04-09 04:31:54,68.27557185,57.1686375,7240,100,,,,16455.667431870355,,,1.3812154696132597,64346,RUS,,,264,5
Nizhny Novgorod Oblast,Russia,2022-04-09 04:31:54,55.47180329999999,44.0911594,411405,11389,,,,12718.285667649328,,,2.7683183237928564,64347,RUS,,,22902,169
North Ossetia - Alania Republic,Russia,2022-04-09 04:31:54,42.79336110000001,44.6324493,40476,1246,,,,5767.742762890712,,,3.0783674276114237,64348,RUS,,,862,24
Novgorod Oblast,Russia,2022-04-09 04:31:54,58.2843833,32.5169757,97739,1001,,,,16115.889169563181,,,1.0241561710269187,64349,RUS,,,2760,33
Novosibirsk Oblast,Russia,2022-04-09 04:31:54,54.9720169,79.48139240000002,252947,5457,,,,9069.942474476027,,,2.1573689349942877,64350,RUS,,,11054,321
Omsk Oblast,Russia,2022-04-09 04:31:54,56.09352629999999,73.5099936,204410,4244,,,,10428.650652702618,,,2.076219363044861,64351,RUS,,,7611,269
Orel Oblast,Russia,2022-04-09 04:31:54,52.96854329999999,36.0692477,109472,1854,,,,14650.042087823706,,,1.6935837474422684,64352,RUS,,,6225,76
Orenburg Oblast,Russia,2022-04-09 04:31:54,52.02692620000001,54.7276647,212494,3908,,,,10744.392532815566,,,1.8391107513623917,64353,RUS,,,12797,130
Penza Oblast,Russia,2022-04-09 04:31:54,53.1655415,44.78791810000001,181270,5645,,,,13612.384589101533,,,3.1141391294753684,64354,RUS,,,13493,252
Perm Krai,Russia,2022-04-09 04:31:54,58.5951603,56.3159546,362143,8690,,,,13805.800873920463,,,2.399604576092869,64355,RUS,,,19656,195
Primorsky Krai,Russia,2022-04-09 04:31:54,45.0819456,134.726645,171608,1912,,,,8970.448559018983,,,1.1141671716936274,64356,RUS,,,9105,68
Pskov Oblast,Russia,2022-04-09 04:31:54,57.5358729,28.8586826,107862,1761,,,,16944.88693668643,,,1.6326417088501974,64357,RUS,,,5023,126
Rostov Oblast,Russia,2022-04-09 04:31:54,47.6222451,40.7957942,367202,10795,,,,8700.537288423136,,,2.9397988028387645,64358,RUS,,,23426,303
Ryazan Oblast,Russia,2022-04-09 04:31:54,54.42267320000001,40.57052460000001,117123,3319,,,,10443.66610371707,,,2.833773042015659,64359,RUS,,,8353,183
Saint Petersburg,Russia,2022-04-09 04:31:54,59.9606739,30.158655100000004,1506574,33189,,,,28150.08029806042,,,2.202945225392181,64360,RUS,,,35593,673
Sakha (Yakutiya) Republic,Russia,2022-04-09 04:31:54,66.941626,129.642371,175506,2102,,,,18199.78638018106,,,1.1976798514010918,64361,RUS,,,10249,57
Sakhalin Oblast,Russia,2022-04-09 04:31:54,49.7219665,143.448533,64189,826,,,,13094.958800932714,,,1.2868248453784916,64362,RUS,,,1873,46
Samara Oblast,Russia,2022-04-09 04:31:54,53.2128813,50.8914633,377649,7678,,,,11825.500060434993,,,2.0331048142587433,64363,RUS,,,19226,412
Saratov Oblast,Russia,2022-04-09 04:31:54,51.6520555,46.86319520000001,243986,5875,,,,9906.250634401837,,,2.407925044879624,64364,RUS,,,20677,151
Smolensk Oblast,Russia,2022-04-09 04:31:54,55.03434960000001,33.0192065,128437,2980,,,,13528.969355810515,,,2.3202036796250303,64365,RUS,,,4961,146
Stavropol Krai,Russia,2022-04-09 04:31:54,44.86325770000001,43.4406913,193948,6989,,,,6925.047327893214,,,3.6035432177697113,64366,RUS,,,5552,110
Sverdlovsk Oblast,Russia,2022-04-09 04:31:54,58.6414755,61.8021546,430971,10622,,,,9964.057618786032,,,2.4646669961551937,64367,RUS,,,36937,225
Tambov Oblast,Russia,2022-04-09 04:31:54,52.9019574,41.3578918,112840,2354,,,,10917.689675991143,,,2.086139666784828,64368,RUS,,,7458,91
Tatarstan Republic,Russia,2022-04-09 04:31:54,55.7648572,52.43104273,139352,1905,,,,3578.3728151310997,,,1.3670417360353635,64369,RUS,,,10376,128
Tomsk Oblast,Russia,2022-04-09 04:31:54,58.6124279,82.04753149999998,127533,800,,,,11827.447416255518,,,0.627288623336705,64370,RUS,,,13839,39
Tula Oblast,Russia,2022-04-09 04:31:54,53.9570701,37.3690909,151644,5100,,,,10164.79483595926,,,3.3631399857561135,64371,RUS,,,8075,169
Tver Oblast,Russia,2022-04-09 04:31:54,57.1134475,35.174442799999994,158457,2701,,,,12342.108604199948,,,1.7045633831260216,64372,RUS,,,6526,84
Tyumen Oblast,Russia,2022-04-09 04:31:54,58.8206488,70.36588370000001,187729,4258,,,,5084.199978333875,,,2.2681631500727106,64373,RUS,,,11767,228
Tyva Republic,Russia,2022-04-09 04:31:54,51.4017149,93.8582593,44387,348,,,,13796.694040196197,,,0.7840133372383806,64374,RUS,,,178,6
Udmurt Republic,Russia,2022-04-09 04:31:54,57.1961165,52.69598320000001,164416,3790,,,,10866.57096555024,,,2.3051284546516158,64375,RUS,,,7003,103
Ulyanovsk Oblast,Russia,2022-04-09 04:31:54,54.1463177,47.2324921,199139,4590,,,,15974.340174776875,,,2.3049226921898773,64376,RUS,,,16325,150
Vladimir Oblast,Russia,2022-04-09 04:31:54,56.0503336,40.6561633,148625,3384,,,,10782.921738297671,,,2.2768713204373423,64377,RUS,,,6763,112
Volgograd Oblast,Russia,2022-04-09 04:31:54,49.6048339,44.29035820000001,211312,6756,,,,8381.153035209156,,,3.197168168395548,64378,RUS,,,15205,243
Vologda Oblast,Russia,2022-04-09 04:31:54,60.0391461,43.1215213,186332,3687,,,,15835.28018023454,,,1.9787261447309104,64379,RUS,,,11458,198
Voronezh Oblast,Russia,2022-04-09 04:31:54,50.9800393,40.15065070000001,373297,8115,,,,15995.463130868191,,,2.1738722786414035,64380,RUS,,,23532,261
Yamalo-Nenets Autonomous Okrug,Russia,2022-04-09 04:31:54,67.1471631,74.3415488,135884,1037,,,,25231.595385360983,,,0.7631509228459569,64381,RUS,,,4280,19
Yaroslavl Oblast,Russia,2022-04-09 04:31:54,57.77819760000001,39.0021095,156347,2695,,,,12352.76735741307,,,1.72372990847282,64382,RUS,,,10388,134
Zabaykalsky Krai,Russia,2022-04-09 04:31:54,52.248521,115.956325,166732,2315,,,,15541.672958577788,,,1.3884557253556606,64383,RUS,,,10760,102
Andalusia,Spain,2022-04-09 04:31:54,37.5443,-4.7278,1405679,13200,,,,16679.855780041424,,,0.9390479618746528,72401,ESP,,,42940,250
Aragon,Spain,2022-04-09 04:31:54,41.5976,-0.9057,408723,4638,,,,30950.123657224904,,,1.1347538553005336,72402,ESP,,,7903,-272
Asturias,Spain,2022-04-09 04:31:54,43.3614,-5.8593,206817,2598,,,,20232.43869869547,,,1.2561830023644092,72403,ESP,,,9752,83
Baleares,Spain,2022-04-09 04:31:54,39.710358,2.995148,267638,1266,,,,22524.280015485347,,,0.4730269991555758,72404,ESP,,,9547,39
C. Valenciana,Spain,2022-04-09 04:31:54,39.484,-0.7533,1355465,9157,,,,27245.697410375826,,,0.6755615231673263,72411,ESP,,,41836,84
Canarias,Spain,2022-04-09 04:31:54,28.2916,-16.6291,335061,1650,,,,15182.420960432752,,,0.492447643861864,72405,ESP,,,29258,47
Cantabria,Spain,2022-04-09 04:31:54,43.1828,-3.9878,130632,788,,,,22459.214532675654,,,0.6032212627840039,72406,ESP,,,3373,10
Castilla - La Mancha,Spain,2022-04-09 04:31:54,39.2796,-3.0977,488412,7143,,,,24002.040418167784,,,1.4624947789980591,72407,ESP,,,11507,32
Castilla y Leon,Spain,2022-04-09 04:31:54,41.8357,-4.3976,681716,8388,,,,28313.604540038286,,,1.2304243996033541,72408,ESP,,,20708,77
Catalonia,Spain,2022-04-09 04:31:54,41.5912,1.5209,2363949,18822,,,,31242.589802246264,,,0.796210070521826,72409,ESP,,,56400,319
Ceuta,Spain,2022-04-09 04:31:54,35.8894,-5.3213,19717,146,,,,23243.230499003883,,,0.7404777603083633,72410,ESP,,,675,1
Extremadura,Spain,2022-04-09 04:31:54,39.4937,-6.0679,253230,2279,,,,23768.002222589315,,,0.8999723571456778,72412,ESP,,,11940,32
Galicia,Spain,2022-04-09 04:31:54,42.5751,-8.1339,583157,3203,,,,21594.88024363428,,,0.5492517452418474,72413,ESP,,,37593,71
La Rioja,Spain,2022-04-09 04:31:54,42.2871,-2.5396,93187,911,,,,29717.99050294829,,,0.9776041722557868,72419,ESP,,,2946,2
Madrid,Spain,2022-04-09 04:31:54,40.4168,-3.7038,1638949,18017,,,,24676.838538140157,,,1.099302052717931,72414,ESP,,,25572,462
Melilla,Spain,2022-04-09 04:31:54,35.2923,-2.9381,20678,154,,,,24416.39410076869,,,0.7447528774542993,72415,ESP,,,310,2
Murcia,Spain,2022-04-09 04:31:54,37.9922,-1.1307,393950,2206,,,,26481.13181547165,,,0.5599695392816347,72416,ESP,,,13831,29
Navarra,Spain,2022-04-09 04:31:54,42.6954,-1.6761,231526,1515,,,,35622.34401011776,,,0.6543541546089856,72417,ESP,,,6183,11
Pais Vasco,Spain,2022-04-09 04:31:54,42.9896,-2.6189,673088,6460,,,,30905.651367384795,,,0.9597556337358564,72418,ESP,,,15175,185
Unknown,Spain,2022-04-09 04:31:54,,,0,0,,,,,,,,72420,ESP,,,0,0
Blekinge,Sweden,2022-04-09 04:31:54,56.2784,15.018,29506,161,,,,18486.77368018746,,,0.5456517318511489,75201,SWE,,,344,6
Dalarna,Sweden,2022-04-09 04:31:54,61.0917,14.6664,69147,459,,,,24012.209774765077,,,0.6638032018742679,75202,SWE,,,1200,29
Gavleborg,Sweden,2022-04-09 04:31:54,61.3012,16.1534,73570,684,,,,25600.072377532342,,,0.9297267908114721,75203,SWE,,,908,36
Gotland,Sweden,2022-04-09 04:31:54,57.4684,18.4867,11369,69,,,,19048.017960660796,,,0.6069135368106254,75204,SWE,,,94,9
Halland,Sweden,2022-04-09 04:31:54,56.8967,12.8034,104212,436,,,,31215.40341712396,,,0.4183779219283768,75205,SWE,,,1049,24
Jamtland Harjedalen,Sweden,2022-04-09 04:31:54,63.1712,14.9592,32612,168,,,,24930.81568687409,,,0.5151477983564332,75206,SWE,,,376,3
Jonkoping,Sweden,2022-04-09 04:31:54,57.3708,14.3439,86038,667,,,,23662.881361059848,,,0.7752388479509054,75207,SWE,,,764,26
Kalmar,Sweden,2022-04-09 04:31:54,57.235,16.1849,59869,339,,,,24391.92327436585,,,0.5662362825502347,75208,SWE,,,884,28
Kronoberg,Sweden,2022-04-09 04:31:54,56.7183,14.4115,49222,380,,,,24431.55026331594,,,0.7720125147291861,75209,SWE,,,802,10
Norrbotten,Sweden,2022-04-09 04:31:54,66.8309,20.3992,48529,394,,,,19404.38157005594,,,0.8118856766057408,75210,SWE,,,791,39
Orebro,Sweden,2022-04-09 04:31:54,59.535,15.0066,92019,452,,,,30189.46539590886,,,0.491202903748139,75211,SWE,,,1458,27
Ostergotland,Sweden,2022-04-09 04:31:54,58.3454,15.5198,94505,802,,,,20302.04406062364,,,0.8486323474948415,75212,SWE,,,1126,38
Skane,Sweden,2022-04-09 04:31:54,55.9903,13.5958,336868,2337,,,,24449.223305973832,,,0.6937435434650961,75213,SWE,,,2377,110
Sormland,Sweden,2022-04-09 04:31:54,59.0336,16.7519,63280,572,,,,21267.72870874504,,,0.9039190897597976,75214,SWE,,,1117,15
Stockholm,Sweden,2022-04-09 04:31:54,59.6025,18.1384,570047,5202,,,,23980.966572026784,,,0.9125563330742904,75215,SWE,,,5412,90
Uppsala,Sweden,2022-04-09 04:31:54,60.0092,17.2715,88969,665,,,,23186.339790416274,,,0.7474513594622846,75216,SWE,,,1067,25
Varmland,Sweden,2022-04-09 04:31:54,59.7294,13.2354,64849,330,,,,22962.3885501427,,,0.5088744622122161,75217,SWE,,,1344,39
Vasterbotten,Sweden,2022-04-09 04:31:54,65.3337,16.5162,56226,306,,,,20691.406365001323,,,0.5442322057411162,75218,SWE,,,1133,35
Vasternorrland,Sweden,2022-04-09 04:31:54,63.4276,17.7292,53077,584,,,,21633.4416153448,,,1.1002882604517965,75219,SWE,,,867,29
Vastmanland,Sweden,2022-04-09 04:31:54,59.6714,16.2159,75407,475,,,,27336.72896010441,,,0.6299149946291458,75220,SWE,,,920,26
Vastra Gotaland,Sweden,2022-04-09 04:31:54,58.2528,13.0596,432659,3024,,,,25068.877865855182,,,0.6989338023709203,75221,SWE,,,2848,113
Alabama,US,2022-04-09 04:31:54,32.3182,-86.9023,1296730,19376,,,1,26446.687204337588,7488416,,1.4942200766543536,84000001,USA,152725.54472246105,,8104,608
Alaska,US,2022-04-09 04:31:54,61.3707,-152.4044,248675,1228,,,2,33993.124141372035,,,0.493817231326028,84000002,USA,,,5933,27
American Samoa,US,2022-04-09 04:31:54,-14.271,-170.132,5018,8,,,60,9018.5295016265,,,0.15942606616181745,16,ASM,,,4614,8
Arizona,US,2022-04-09 04:31:54,33.7298,-111.4312,2014020,29681,,,4,27669.98634512099,18995536,,1.4737192282102465,84000004,USA,260973.6853349292,,26702,1591
Arkansas,US,2022-04-09 04:31:54,34.9697,-92.3731,833595,11301,,,5,27622.56925897109,5081383,,1.3556943119860363,84000005,USA,168380.15325050932,,8497,465
California,US,2022-04-09 04:31:54,36.1162,-119.6816,9132927,89358,,,6,23114.18165462368,155972674,,0.9784157915638656,84000006,USA,394745.3779049587,,88522,2175
Colorado,US,2022-04-09 04:31:54,39.0598,-105.3111,1355882,11984,,,8,23544.784827781652,17133494,,0.88385272464713,84000008,USA,297521.78255783906,,29767,140
Connecticut,US,2022-04-09 04:31:54,41.5978,-72.7554,740894,10801,,,9,20780.76743891866,13715276,,1.4578333742748626,84000009,USA,384689.2550305207,,10849,180
Delaware,US,2022-04-09 04:31:54,39.3185,-75.5071,259008,2871,,,10,26598.641970744447,3220783,,1.1084599703484062,84000010,USA,330756.01480440854,,2443,118
Diamond Princess,US,2022-04-09 04:31:54,,,49,0,,,88888,,,,0.0,84088888,USA,,,0,0
District of Columbia,US,2022-04-09 04:31:54,38.8974,-77.0268,137603,1333,,,11,19497.441725032557,,,0.96872887945757,84000011,USA,,,2380,7
Florida,US,2022-04-09 04:31:54,27.7663,-81.6868,5906352,73538,,,12,27499.880457610594,56130399,,1.2450663285899657,84000012,USA,261342.2401065811,,26952,2022
Georgia,US,2022-04-09 04:31:54,33.0406,-83.6431,2503082,37332,,,13,23575.231014154757,17587432,,1.4914413511023608,84000013,USA,165646.89944066465,,27178,1141
Grand Princess,US,2022-04-09 04:31:54,,,103,3,,,99999,,,,2.9126213592233015,84099999,USA,,,0,0
Guam,US,2022-04-09 04:31:54,13.4443,144.7937,47553,352,,,66,28955.300221032827,380337,,0.7402266944251678,316,GUM,231589.42695869788,,1514,17
Hawaii,US,2022-04-09 04:31:54,21.0943,-157.4983,241972,1382,,,15,17089.96293450255,3727115,,0.571140462532855,84000015,USA,263238.1316955205,,4300,28
Idaho,US,2022-04-09 04:31:54,44.2405,-114.4788,444637,4895,,,16,24880.852123453817,1213651,,1.100898035925935,84000016,USA,67913.08654134013,,7523,78
Illinois,US,2022-04-09 04:31:54,40.3495,-88.9861,3080436,35898,,,17,24309.339596889826,57791677,,1.165354514750509,84000017,USA,456064.49933281104,,34231,402
Indiana,US,2022-04-09 04:31:54,39.8494,-86.2583,1692700,23484,,,18,25143.269997604057,19392241,,1.387369291664205,84000018,USA,288051.2502638432,,5869,334
Iowa,US,2022-04-09 04:31:54,42.0115,-93.2105,759475,9454,,,19,24071.573689331773,,,1.2448072681786762,84000019,USA,,,3116,192
Kansas,US,2022-04-09 04:31:54,38.5266,-96.7265,771652,8501,,,20,26487.0865275765,2269976,,1.1016624074064474,84000020,USA,77917.31341008899,,1863,393
Kentucky,US,2022-04-09 04:31:54,37.6681,-84.6701,1318465,15134,,,21,29511.224299540278,,,1.147849961887498,84000021,USA,,,29180,1010
Louisiana,US,2022-04-09 04:31:54,31.1695,-91.8678,1169338,17177,,,22,25153.577465467388,13206834,,1.46895080806405,84000022,USA,284091.61601912236,,3366,313
Maine,US,2022-04-09 04:31:54,44.6939,-69.3819,237481,2221,,,23,17666.93051393679,4073274,,0.9352327133539104,84000023,USA,303023.18384302483,,5460,79
Maryland,US,2022-04-09 04:31:54,39.0639,-76.8021,1015358,14371,,,24,16794.769157481045,19711788,,1.4153628572385306,84000024,USA,326047.49176271324,,8998,139
Massachusetts,US,2022-04-09 04:31:54,42.2302,-71.5301,1709900,20143,,,25,24808.113975430988,42652317,,1.1780221065559389,84000025,USA,618821.8851700174,,28215,188
Michigan,US,2022-04-09 04:31:54,43.3266,-84.5361,2393265,35776,,,26,23964.14607718925,23550922,,1.494861622093667,84000026,USA,235819.15711820047,,23412,641
Minnesota,US,2022-04-09 04:31:54,45.6945,-93.9002,1433225,12680,,,27,25413.44896262735,16355614,,0.8847180310139721,84000027,USA,290012.0788023048,,11305,219
Mississippi,US,2022-04-09 04:31:54,32.7416,-89.6787,795824,12413,,,28,26740.059049462914,,,1.5597669836546777,84000028,USA,,,3324,163
Missouri,US,2022-04-09 04:31:54,38.4561,-92.2884,1417822,20177,,,29,23101.240454470502,9853234,,1.4230982450547391,84000029,USA,160543.37419518403,,10011,631
Montana,US,2022-04-09 04:31:54,46.9219,-110.4544,272849,3255,,,30,25529.062162581937,2800833,,1.1929675388218393,84000030,USA,262059.37996478227,,1236,34
Nebraska,US,2022-04-09 04:31:54,41.1254,-98.2681,478045,4175,,,31,24712.728648764893,5415332,,0.8733487433191436,84000031,USA,279947.76696539717,,1169,139
Nevada,US,2022-04-09 04:31:54,38.3135,-117.0554,707980,10136,,,32,22985.1994509369,,,1.4316788609847737,84000032,USA,,,20474,242
New Hampshire,US,2022-04-09 04:31:54,43.4525,-71.5639,303755,2458,,,33,22339.673651239125,3662295,,0.8092047867524814,84000033,USA,269343.6325807469,,2542,38
New Jersey,US,2022-04-09 04:31:54,40.2989,-74.521,2212245,33294,,,34,24906.526430981547,17818730,,1.5049870154526284,84000034,USA,200611.89864211413,,31251,222
New Mexico,US,2022-04-09 04:31:54,34.8405,-106.2485,518941,7360,,,35,24748.846949369738,6845538,,1.4182729828631768,84000035,USA,326470.97116646136,,3919,311
New York,US,2022-04-09 04:31:54,42.1657,-74.9481,5028707,68041,,,36,25849.801997690807,104920378,,1.3530515896034507,84000036,USA,539337.6462026669,,80373,413
North Carolina,US,2022-04-09 04:31:54,35.6301,-79.8064,2634007,23257,,,37,25114.28207478125,22875756,,0.8829513361202154,84000037,USA,218111.86866924405,,27253,365
North Dakota,US,2022-04-09 04:31:54,47.5289,-99.784,240109,2251,,,38,31507.80382698521,,,0.9374908895543274,84000038,USA,,,929,28
Northern Mariana Islands,US,2022-04-09 04:31:54,15.0979,145.6739,11158,33,,,69,20234.295662266068,,,0.2957519268686145,580,MNP,,,832,3
Ohio,US,2022-04-09 04:31:54,40.3888,-82.7649,2676629,38166,,,39,22898.503734248145,22110216,,1.4258980232224936,84000039,USA,189152.42405317773,,14204,189
Oklahoma,US,2022-04-09 04:31:54,35.5653,-96.9289,1035301,15640,,,40,26163.977446385128,,,1.5106717756478552,84000040,USA,,,8651,587
Oregon,US,2022-04-09 04:31:54,44.572,-122.0709,706687,7296,,,41,16755.12247444542,10920148,,1.0324231236742716,84000041,USA,258910.12170744644,,7270,427
Pennsylvania,US,2022-04-09 04:31:54,40.5908,-77.2098,2787687,44404,,,42,21775.42099122253,24993476,,1.5928617524133808,84000042,USA,195231.19415272115,,18878,624
Puerto Rico,US,2022-04-09 04:31:54,18.2208,-66.5901,485569,4173,,,72,15203.992617952754,3946956,,0.8594041217623036,630,PRI,123585.91649669631,,8907,26
Rhode Island,US,2022-04-09 04:31:54,41.6809,-71.5118,363372,3525,,,44,34301.055069990296,7670594,,0.9700802483405436,84000044,USA,724077.4391354787,,5386,103
South Carolina,US,2022-04-09 04:31:54,33.8569,-80.945,1469706,17650,,,45,28545.10854555137,12796197,,1.2009204562000837,84000045,USA,248531.90524857282,,5116,319
South Dakota,US,2022-04-09 04:31:54,44.2998,-99.4388,237246,2893,,,46,26817.790809792252,1302158,,1.2194093894101479,84000046,USA,147193.2122998805,,694,45
Tennessee,US,2022-04-09 04:31:54,35.7478,-86.6923,2022168,25882,,,47,29610.725982380885,12779408,,1.279913439437277,84000047,USA,187129.62943981215,,6391,859
Texas,US,2022-04-09 04:31:54,31.0545,-97.5635,6781253,87665,,,48,23386.95278822533,47832823,,1.2927551884585342,84000048,USA,164964.1995702769,,89302,1397
Utah,US,2022-04-09 04:31:54,40.15,-111.8624,928621,4730,,,49,28965.47615408561,5986570,,0.5093574235344667,84000049,USA,186732.6396665209,,3346,212
Vermont,US,2022-04-09 04:31:54,44.0459,-72.7107,117991,620,,,50,18909.14743689392,3496062,,0.5254638065615174,84000050,USA,560276.2228180304,,3980,12
Virgin Islands,US,2022-04-09 04:31:54,18.3358,-64.8963,15764,111,,,78,14695.90185330201,351883,,0.7041360060898249,850,VIR,328040.9814669799,,291,2
Virginia,US,2022-04-09 04:31:54,37.7693,-78.17,1675845,19859,,,51,19633.779738525565,13225819,,1.1850141272015011,84000051,USA,154950.37852999914,,22620,658
Washington,US,2022-04-09 04:31:54,47.4009,-121.4905,1467059,12566,,,53,19265.65481616091,,,0.85654360185923,84000053,USA,,,29615,411
West Virginia,US,2022-04-09 04:31:54,38.4912,-80.9545,498414,6753,,,54,27810.99987891618,6057581,,1.3548977356173784,84000054,USA,338006.92688713595,,3916,205
Wisconsin,US,2022-04-09 04:31:54,44.2685,-89.6165,1590205,14344,,,55,27311.687861124745,,,0.9020220663373589,84000055,USA,,,11520,678
Wyoming,US,2022-04-09 04:31:54,42.756,-107.3025,156281,1796,,,56,27002.776630687382,1396443,,1.1492119963399259,84000056,USA,241282.2953941105,,578,47
Cherkasy Oblast,Ukraine,2022-04-09 04:31:54,49.4444,32.0598,163768,2973,,,,13575.48507855508,,,1.8153729666357288,80401,UKR,,,0,0
Chernihiv Oblast,Ukraine,2022-04-09 04:31:54,51.4982,31.2893,126202,2751,,,,12548.111101720615,,,2.179838671336429,80402,UKR,,,0,0
Chernivtsi Oblast,Ukraine,2022-04-09 04:31:54,48.2917,25.9352,150465,3290,,,,16637.47520384266,,,2.186555012793673,80403,UKR,,,0,0
Crimea Republic*,Ukraine,2022-04-09 04:31:54,45.2835,34.2008,157596,4866,,,,8235.013175832966,,,3.087641818320262,80404,UKR,,,0,0
Dnipropetrovsk Oblast,Ukraine,2022-04-09 04:31:54,48.4647,35.0462,303551,9454,,,,9466.807340267838,,,3.11446840893293,80405,UKR,,,0,0
Donetsk Oblast,Ukraine,2022-04-09 04:31:54,48.0159,37.8028,216052,5607,,,,5186.201016298754,,,2.595208560902005,80406,UKR,,,0,0
Ivano-Frankivsk Oblast,Ukraine,2022-04-09 04:31:54,48.9226,24.7111,181629,3476,,,,13226.195920340913,,,1.9137912998474915,80407,UKR,,,0,0
Kharkiv Oblast,Ukraine,2022-04-09 04:31:54,49.9935,36.2304,305661,6858,,,,11424.02558231842,,,2.243662096243878,80408,UKR,,,0,0
Kherson Oblast,Ukraine,2022-04-09 04:31:54,46.6354,32.6169,107686,2881,,,,10377.97309278748,,,2.675370986014895,80409,UKR,,,0,0
Khmelnytskyi Oblast,Ukraine,2022-04-09 04:31:54,49.423,26.9871,201270,3703,,,,15914.383196081299,,,1.839817161027476,80410,UKR,,,0,0
Kiev,Ukraine,2022-04-09 04:31:54,50.4501,30.5234,445098,8966,,,,15083.977226514844,,,2.0143878426773427,80411,UKR,,,0,0
Kiev Oblast,Ukraine,2022-04-09 04:31:54,50.053,30.7667,226220,5019,,,,12795.683111417808,,,2.218636725311644,80412,UKR,,,0,0
Kirovohrad Oblast,Ukraine,2022-04-09 04:31:54,48.5079,32.2623,45117,1741,,,,4771.513692045573,,,3.858855863643416,80413,UKR,,,0,0
Luhansk Oblast,Ukraine,2022-04-09 04:31:54,48.574,39.3078,80033,2392,,,,3719.294201734057,,,2.9887671335574075,80414,UKR,,,0,0
Lviv Oblast,Ukraine,2022-04-09 04:31:54,49.8397,24.0297,303357,6569,,,,12028.329661013924,,,2.165435444047772,80415,UKR,,,0,0
Mykolaiv Oblast,Ukraine,2022-04-09 04:31:54,46.975,31.9946,146174,3530,,,,5795.907329875525,,,2.414930151736971,80416,UKR,,,0,0
Odessa Oblast,Ukraine,2022-04-09 04:31:54,46.4846,30.7326,325462,5917,,,,13673.104488998904,,,1.8180309836478603,80417,UKR,,,0,0
Poltava Oblast,Ukraine,2022-04-09 04:31:54,49.5883,34.5514,179994,4181,,,,12852.684051215369,,,2.3228552062846544,80418,UKR,,,0,0
Rivne Oblast,Ukraine,2022-04-09 04:31:54,50.6199,26.2516,171031,2530,,,,14778.437070390502,,,1.4792639930772784,80419,UKR,,,0,0
Sevastopol*,Ukraine,2022-04-09 04:31:54,44.6054,33.522,73298,2088,,,,16537.946937237568,,,2.848645256350787,80420,UKR,,,0,0
Sumy Oblast,Ukraine,2022-04-09 04:31:54,50.9077,34.7981,182268,3208,,,,16854.53728345561,,,1.7600456470691508,80421,UKR,,,0,0
Ternopil Oblast,Ukraine,2022-04-09 04:31:54,49.5535,25.5948,146363,2391,,,,13994.257461905248,,,1.6336095871224283,80422,UKR,,,0,0
Vinnytsia Oblast,Ukraine,2022-04-09 04:31:54,49.2331,28.4682,149845,3546,,,,9603.023338977207,,,2.3664453268377317,80423,UKR,,,0,0
Volyn Oblast,Ukraine,2022-04-09 04:31:54,50.7472,25.3254,132045,2394,,,,12753.90455217177,,,1.8130182892195843,80424,UKR,,,0,0
Zakarpattia Oblast,Ukraine,2022-04-09 04:31:54,48.6208,22.2879,112462,2724,,,,8948.267109695878,,,2.4221514822784584,80425,UKR,,,0,0
Zaporizhia Oblast,Ukraine,2022-04-09 04:31:54,47.8388,35.1396,215070,5866,,,,12607.894311059212,,,2.727484074952341,80426,UKR,,,0,0
Zhytomyr Oblast,Ukraine,2022-04-09 04:31:54,50.2547,28.6587,192801,3538,,,,15800.861011331814,,,1.8350527227555875,80427,UKR,,,0,0
Anguilla,United Kingdom,2022-04-09 04:31:54,18.2206,-63.0686,2717,9,,,,18110.918544194108,,,0.3312476996687523,660,AIA,,,143,0
Bermuda,United Kingdom,2022-04-09 04:31:54,32.3078,-64.7505,12711,129,,,,20411.73542305654,,,1.0148690110927543,60,BMU,,,861,5
British Virgin Islands,United Kingdom,2022-04-09 04:31:54,18.4207,-64.64,6162,62,,,,20379.00585375533,,,1.006166828951639,92,VGB,,,71,0
Cayman Islands,United Kingdom,2022-04-09 04:31:54,19.3133,-81.2546,21121,25,,,,32137.857577601942,,,0.11836560768902987,136,CYM,,,795,7
Channel Islands,United Kingdom,2022-04-09 04:31:54,49.3723,-2.3644,0,0,,,,0.0,,,,8261,GBR,,,0,0
England,United Kingdom,2022-04-09 04:31:54,52.3555,-1.1743,18142371,147539,,,,32410.286688151606,,,0.8132288773060589,82601,GBR,,,1682963,5846
Falkland Islands (Malvinas),United Kingdom,2022-04-09 04:31:54,-51.7963,-59.5236,128,0,,,,3674.9928222796443,,,0.0,238,FLK,,,12,0
Gibraltar,United Kingdom,2022-04-09 04:31:54,36.1408,-5.3536,17236,101,,,,51159.06325131341,,,0.5859828266419123,292,GIB,,,1315,0
Guernsey,United Kingdom,2022-04-09 04:31:54,49.448196,-2.58949,22257,36,,,,35328.57142857143,,,0.16174686615446826,831,GGY,,,6627,5
Isle of Man,United Kingdom,2022-04-09 04:31:54,54.2361,-4.5481,30169,87,,,,35479.584156552824,,,0.2883754847691339,833,IMN,,,6000,6
Jersey,United Kingdom,2022-04-09 04:31:54,49.2138,-2.1358,47746,121,,,,43683.440073193044,,,0.253424370627906,832,JEY,,,7450,6
Montserrat,United Kingdom,2022-04-09 04:31:54,16.742498,-62.187366,176,2,,,,3520.7041408281652,,,1.1363636363636365,500,MSR,,,10,0
Northern Ireland,United Kingdom,2022-04-09 04:31:54,54.7877,-6.4923,695408,3358,,,,36958.333333333336,,,0.4828819915790442,82602,GBR,,,47631,108
"Saint Helena, Ascension and Tristan da Cunha",United Kingdom,2022-04-09 04:31:54,-7.9467,-14.3559,4,0,,,,70.65889418830595,,,0.0,654,SHN,,,0,0
Scotland,United Kingdom,2022-04-09 04:31:54,56.4907,-4.2026,1843856,11650,,,,33749.858144344995,,,0.6318280820194202,82603,GBR,,,276670,668
Turks and Caicos Islands,United Kingdom,2022-04-09 04:31:54,21.694000000000006,-71.7979,5923,36,,,,15297.79430755721,,,0.6078001013000169,796,TCA,,,49,0
Unknown,United Kingdom,2022-04-09 04:31:54,,,0,0,,,,,,,,82605,GBR,,,0,0
Wales,United Kingdom,2022-04-09 04:31:54,52.1307,-3.7837,868195,7212,,,,27661.855604409608,,,0.8306889581257667,82604,GBR,,,43306,166
